monthly_income,monthly_expense,age,has_smartphone,has_wallet,avg_wallet_balance,on_time_payment_ratio,num_loans_taken,target
21141,11883,27,1,1,11559,0.86,3,0
50945,19531,43,1,1,2790,0.86,4,0
19644,8372,50,1,1,3780,0.82,3,0
46064,24864,46,1,1,10154,0.89,2,0
36959,23125,34,1,1,8153,0.96,0,0
19314,12411,30,1,1,8304,0.8,3,0
51469,32446,43,1,1,11582,0.94,1,0
42724,15558,48,1,0,11588,0.96,3,0
27579,14146,32,1,1,13501,0.81,4,0
44596,19986,32,1,1,12502,0.81,1,0
55856,21551,31,1,1,10952,0.97,0,0
54075,32209,34,1,1,8934,0.98,3,0
19129,20902,40,0,0,1300,0.54,6,1
16893,16820,34,1,0,1529,0.65,8,1
8581,8156,29,0,0,319,0.62,7,1
19765,19621,50,1,1,1779,0.66,4,1
11687,9249,22,1,0,918,0.37,5,1
10438,11080,43,1,0,1028,0.22,4,1
19117,19886,53,0,0,1529,0.41,6,1
12745,13307,46,0,1,1620,0.69,6,1
28337,22682,28,0,0,526,0.83,3,1
23004,23362,48,1,0,4066,0.0,9,1
42860,16591,28,1,1,5174,0.79,0,0
32834,18742,45,1,1,2549,0.83,0,0
15585,16759,32,1,1,1408,0.67,5,1
41766,22340,39,0,1,8683,0.93,0,0
32159,13969,42,1,1,12616,0.92,1,0
27789,22737,59,1,0,1873,0.72,10,0
44762,29848,49,1,1,9150,0.88,4,0
43040,27471,39,1,1,5522,0.69,5,0
43612,30450,41,1,1,4386,0.86,4,0
37918,34879,29,0,0,4175,0.93,4,0
48801,32029,30,1,0,3981,0.9,1,0
27699,27988,41,1,0,1929,0.65,6,1
29467,12909,26,1,1,2808,0.79,4,0
18951,15092,30,0,0,2923,0.17,9,1
26425,14185,25,1,0,3181,0.87,0,0
38965,20629,49,1,1,12493,0.8,4,1
20665,15332,37,1,1,1147,0.86,9,1
21651,19588,49,0,0,3938,0.48,6,1
13211,13694,25,1,1,4604,0.88,5,0
29630,20584,47,1,1,13511,0.86,1,0
33118,22477,41,1,1,10240,0.92,4,0
41404,17007,25,1,1,5882,0.92,2,0
40923,16089,32,1,1,13448,0.96,3,0
38939,14962,50,1,1,5957,0.86,2,0
35826,17240,30,1,1,9857,0.84,1,0
33231,15422,28,1,1,12698,0.93,1,0
26068,19928,33,1,1,10575,0.77,4,1
37503,15001,27,1,1,10755,0.86,1,0
35302,20966,51,1,1,7972,0.88,3,0
30243,11550,37,1,1,3063,0.82,2,0
32543,16635,39,1,1,3953,0.9,4,0
42756,24864,46,1,1,12255,0.93,0,0
33041,22309,44,1,1,6734,0.99,0,0
23553,16262,46,1,1,8132,0.97,5,1
37454,20314,52,1,1,10226,0.82,4,0
47409,34387,32,1,1,11246,0.83,5,1
29037,17855,55,1,1,8088,0.8,3,0
39300,20569,48,1,1,11357,0.77,4,0
41363,24803,23,1,1,11603,0.83,4,0
55203,26427,40,1,1,10768,0.86,0,0
35143,16842,30,1,1,11877,0.89,1,0
28621,14175,39,1,1,6544,0.96,3,0
37419,22740,44,1,1,11854,0.84,3,0
32775,18108,47,1,1,13988,0.82,1,0
42715,30279,50,1,1,3546,0.84,3,0
32497,13294,40,1,1,8139,0.8,3,0
35237,25280,43,1,1,13728,0.94,2,0
34454,13478,54,1,1,4452,0.79,3,0
22269,18916,37,1,0,4832,0.88,7,1
24096,17219,27,1,0,4753,0.83,7,1
20248,20983,51,1,0,3284,0.14,7,1
17483,17397,43,0,0,285,0.46,7,1
10743,7797,37,0,0,596,0.57,9,1
19972,18300,33,1,1,1554,0.53,9,1
26378,28330,38,1,0,854,0.52,4,1
30174,23098,41,1,0,1632,0.56,8,1
17944,15282,47,0,0,3156,0.69,10,1
30394,28824,40,1,0,1021,0.56,9,1
25927,21703,57,0,1,3952,0.55,7,1
15610,17420,22,0,0,1291,0.36,7,1
10988,7843,44,1,0,1756,0.26,8,1
20486,14226,31,0,1,1710,0.52,4,1
25927,25400,30,1,0,3128,0.32,8,1
22062,17787,30,0,0,360,0.58,8,1
18166,13808,46,1,0,3685,0.6,4,1
10235,10399,30,0,0,727,0.1,7,1
28089,27618,31,1,0,2350,0.72,10,1
20876,20231,39,1,0,2507,0.27,5,1
29572,30449,58,1,0,1380,0.49,4,1
20365,19588,48,1,0,1453,0.34,8,1
13630,10402,52,0,1,1025,0.22,8,1
12953,8891,26,0,0,1504,0.66,3,1
21020,21701,57,1,0,2107,0.02,9,1
25508,21990,48,1,1,4705,0.71,7,1
23704,21151,57,1,0,4561,0.32,7,1
19418,16293,43,0,0,947,0.22,4,1
21862,24351,34,0,0,3087,0.02,3,1
26406,23162,25,0,0,4686,0.3,10,1
32472,24145,60,1,0,1766,0.62,7,1
23734,25941,42,1,0,1121,0.7,10,1
13828,10716,48,0,1,3499,0.09,8,1
20877,19616,44,0,0,1092,0.42,9,1
21763,22732,36,0,1,582,0.46,10,1
39200,25400,44,1,1,13150,0.91,3,0
17700,15100,28,0,0,400,0.88,0,0
9600,10300,42,0,0,250,0.19,8,1
22300,18500,30,1,1,3800,0.72,4,1
31500,17800,39,1,1,7500,0.97,1,0
18000,16800,33,1,0,1200,0.41,6,1
45500,24500,52,1,1,6100,0.74,5,1
54000,33200,49,1,1,4200,0.89,2,0
29800,24700,37,0,1,9300,0.82,4,0
12900,10800,29,1,1,2000,0.32,9,1
37000,21000,43,1,1,11000,0.99,1,0
28500,26000,22,1,0,1400,0.43,5,1
31200,21000,57,1,1,10200,0.8,3,0
21900,19600,25,0,0,600,0.21,7,1
48900,32000,48,1,1,12600,0.95,0,0
10100,8900,56,0,0,900,0.18,6,1
41200,25500,27,1,1,7200,0.96,1,0
18100,13400,22,1,1,3500,0.8,0,0
22800,21000,43,1,0,2900,0.51,8,1
37500,24100,38,1,1,9800,0.92,1,0
33700,28700,41,0,1,6900,0.77,6,1
19800,18700,24,0,0,350,0.45,7,1
54000,37500,50,1,1,18000,0.89,3,0
25100,23600,45,1,1,4000,0.63,7,1
31900,20800,32,1,1,12000,0.95,0,0
18800,19000,29,1,0,1000,0.37,8,1
28900,16600,30,1,1,9400,0.97,2,0
22700,20500,28,1,0,1200,0.66,6,1
40200,26000,54,1,1,17500,0.9,1,0
30100,23800,35,1,1,8200,0.92,2,0
21200,21500,23,0,0,750,0.22,9,1
52000,28900,47,1,1,14300,0.91,1,0
19900,18800,21,1,0,700,0.54,8,1
38700,26500,57,1,1,11000,0.88,3,0
23900,21100,33,0,0,850,0.49,7,1
34100,19500,36,1,1,10800,0.98,2,0
21500,20500,25,0,0,400,0.48,7,1
47000,31000,51,1,1,15500,0.94,1,0
28800,23000,34,1,1,9200,0.85,4,0
16200,17900,29,0,0,200,0.39,6,1
31900,27500,38,1,1,7100,0.6,7,1
28900,18500,44,1,1,13200,0.9,2,0
34700,28900,40,1,0,1300,0.55,7,1
39600,21700,49,1,1,11800,0.96,1,0
21500,22900,28,1,0,850,0.24,6,1
33500,25000,46,1,1,11500,0.9,2,0
19900,21600,24,0,0,600,0.32,7,1
44700,29200,54,1,1,16300,0.95,3,0
31800,22300,38,1,1,9700,0.92,3,0
17600,18200,33,0,0,1000,0.28,9,1
52900,35500,51,1,1,18900,0.91,2,0
25900,20700,30,1,1,7800,0.94,1,0
19900,21300,26,0,0,400,0.41,6,1
35200,23800,41,1,1,15000,0.96,1,0
22100,22600,23,1,1,900,0.29,8,1
46800,31000,50,1,1,17800,0.93,1,0
29000,19400,27,1,1,9000,0.97,2,0
24500,19600,24,1,0,1400,0.6,6,1
40500,25600,47,1,1,10000,0.91,2,0
41186,24752,38,1,1,12054,0.91,1,0
52978,36625,54,1,1,18780,0.95,2,0
31302,20269,29,1,1,8228,0.81,3,0
34101,19706,42,1,1,10923,0.84,2,0
40245,19589,49,1,1,11259,0.99,3,0
45311,26988,48,1,1,16519,0.92,3,0
32324,18275,27,1,1,7714,0.97,1,0
22763,16843,24,1,0,1533,0.67,7,1
19046,17616,28,0,0,682,0.42,7,1
10325,11097,26,0,0,365,0.33,6,1
21541,20816,23,0,0,1232,0.44,9,1
29297,24510,44,1,0,1473,0.61,7,1
20533,19978,29,1,1,2062,0.36,8,1
31909,26955,42,1,0,1336,0.63,7,1
13345,15055,31,0,0,423,0.19,6,1
46600,26780,41,1,1,13487,0.85,3,0
34901,18778,51,1,1,12104,0.91,2,0
19764,18230,29,1,0,976,0.48,9,1
23471,21203,25,1,0,658,0.52,6,1
31770,22861,33,1,1,8314,0.76,4,1
51302,32280,45,1,1,16492,0.93,2,0
30542,24749,40,1,1,9020,0.88,3,0
28833,24486,32,1,1,11248,0.76,4,1
15121,17497,26,0,0,431,0.25,6,1
41911,22109,46,1,1,12185,0.89,2,0
30005,19981,30,1,1,9698,0.96,2,0
19304,19597,34,0,0,2172,0.71,8,1
39817,25086,39,1,1,10335,0.82,3,0
53043,34998,47,1,1,18586,0.96,1,0
46235,30147,53,1,1,17562,0.91,2,0
25281,20812,27,0,1,6500,0.92,1,0
18913,18272,25,0,0,586,0.47,8,1
28497,22306,41,1,0,1323,0.66,7,1
13955,15009,26,0,0,329,0.22,6,1
25655,26458,34,1,0,452,0.53,8,1
41213,25993,44,1,1,13106,0.94,2,0
38407,25188,52,1,1,9959,0.86,2,0
30784,24293,33,1,1,10872,0.8,4,1
22395,23629,28,0,0,278,0.27,6,1
21907,23066,22,1,0,1266,0.59,8,1
37464,22766,45,1,1,11644,0.97,2,0
42021,25517,46,1,1,15172,0.94,1,0
20845,19821,26,1,0,1823,0.31,7,1
13928,12714,38,0,0,512,0.23,6,1
54055,35598,55,1,1,17456,0.9,3,0
41509,27658,48,1,1,10594,0.84,3,0
34001,21755,36,1,1,8025,0.93,1,0
28890,24025,39,1,1,9340,0.89,2,0
15830,15117,26,0,0,401,0.51,6,1
19505,20265,23,0,0,639,0.38,7,1
32004,19772,29,1,1,8378,0.95,2,0
51011,33821,52,1,1,16898,0.88,4,0
52243,31565,49,1,1,17693,0.91,3,0
33818,22371,31,1,1,8030,0.86,2,0
29200,22118,48,1,0,2098,0.62,8,1
24911,21749,25,1,0,1018,0.34,6,1
20501,21606,30,0,0,450,0.29,9,1
34777,21039,27,1,1,11866,0.96,1,0
31009,20794,36,1,1,9055,0.9,3,0
14233,15782,21,0,0,382,0.21,8,1
24192,22663,30,0,0,735,0.43,9,1
48991,30708,50,1,1,14962,0.86,3,0
46009,28166,57,1,1,13452,0.92,1,0
28244,23190,32,1,1,10593,0.85,2,0
15992,15781,23,0,0,371,0.3,6,1
22114,22708,27,1,0,927,0.34,6,1
54099,35401,49,1,1,18366,0.91,3,0
34026,22081,39,1,1,8657,0.93,2,0
32101,23319,35,1,1,7878,0.88,3,0
19550,20557,26,0,0,434,0.26,7,1
27604,23316,45,0,1,6625,0.94,1,0
18814,17860,22,0,0,631,0.48,8,1
30986,24487,33,1,1,9683,0.93,2,0
25529,21782,38,1,1,8455,0.88,3,0
32990,20425,34,1,1,9083,0.95,2,0
24012,26354,31,1,0,1153,0.61,7,1
28474,21496,29,1,1,10281,0.84,3,0
51100,33004,48,1,1,16215,0.89,4,0
49411,30292,53,1,1,15533,0.87,3,0
29220,23610,32,1,1,9621,0.85,1,0
15982,15737,25,0,0,289,0.29,8,1
22411,23416,28,0,0,1570,0.67,6,1
34919,22357,50,1,1,9369,0.9,2,0
41086,25461,45,1,1,12955,0.92,2,0
29884,24477,38,1,1,10274,0.84,3,1
13788,15062,24,0,0,376,0.21,8,1
28941,23809,29,1,1,9732,0.78,4,1
38022,24066,48,1,1,13588,0.94,1,0
51039,34588,51,1,1,16941,0.92,3,0
20553,21767,36,0,0,634,0.44,8,1
26805,21847,37,1,1,7327,0.91,2,0
52509,32619,55,1,1,17422,0.93,3,0
31966,21481,35,1,1,8051,0.87,2,0
23211,25513,24,1,0,1125,0.48,8,1
19187,19707,22,0,0,572,0.22,7,1
24533,21828,33,0,0,921,0.59,6,1
53016,32948,48,1,1,17486,0.91,3,0
31281,22291,41,1,1,8715,0.94,2,0
20544,21605,26,0,0,618,0.26,7,1
27644,23346,32,1,1,10039,0.86,3,0
19402,18875,28,0,0,770,0.41,8,1
35901,22818,35,1,1,11278,0.95,1,0
42110,23055,40,1,1,10834,0.92,2,0
18820,17668,26,0,0,486,0.31,7,1
33361,21003,35,1,1,8471,0.84,3,0
51448,34710,49,1,1,17002,0.93,2,0
29644,24432,29,1,0,1244,0.48,6,1
24985,21243,31,0,1,5204,0.87,1,0
53150,36692,51,1,1,18920,0.89,3,0
21789,20571,25,1,0,740,0.41,8,1
14389,15482,27,0,0,327,0.22,7,1
48975,30214,42,1,1,16555,0.96,1,0
39588,25487,45,1,1,10920,0.8,4,1
26016,22111,28,1,0,1552,0.59,6,1
32894,26116,37,1,1,9800,0.94,2,0
54213,34077,50,1,1,17484,0.92,3,0
21811,22234,23,1,0,832,0.52,7,1
28900,17752,32,1,1,7411,0.86,2,0
15617,16858,29,0,0,412,0.25,6,1
38771,23088,44,1,1,10911,0.91,3,0
20611,19513,24,0,0,592,0.38,9,1
31297,26344,33,1,1,9004,0.81,4,1
25098,20872,30,1,0,1443,0.63,7,1
45103,28350,47,1,1,15872,0.96,2,0
49644,35051,49,1,1,17366,0.91,3,0
17490,18527,26,0,0,372,0.22,6,1
24201,22008,39,0,1,6330,0.92,1,0
31588,24319,40,1,1,10727,0.84,3,0
12426,13271,30,0,0,284,0.21,8,1
52001,31920,52,1,1,15142,0.94,2,0
30792,24877,41,1,1,9554,0.88,3,0
22061,21345,26,0,0,678,0.44,8,1
29177,20042,37,1,1,8742,0.86,2,0
36751,21910,45,1,1,9881,0.92,1,0
17209,17903,33,0,0,526,0.27,7,1
39888,25105,50,1,1,11200,0.95,2,0
16277,17155,24,0,0,229,0.34,9,1
30552,26191,34,1,1,9323,0.84,3,1
34495,23050,43,1,1,9855,0.91,1,0
21917,20710,27,1,0,782,0.49,6,1
40122,23342,46,1,1,12759,0.97,2,0
34088,20319,38,1,1,9628,0.88,3,0
23660,21638,28,0,0,668,0.47,7,1
52611,34390,55,1,1,17451,0.9,3,0
31094,25991,41,1,1,10226,0.87,3,0
19380,20512,23,0,0,524,0.28,8,1
35618,21280,36,1,1,11242,0.93,2,0
28274,22895,37,1,1,8344,0.87,2,0
19950,21005,25,0,1,1849,0.72,5,0
13241,14280,29,0,0,267,0.23,6,1
24821,22132,27,1,0,831,0.49,7,1
49507,32944,52,1,1,16174,0.92,3,0
30774,25345,35,1,1,10117,0.85,3,0
13888,15998,26,0,0,402,0.32,9,1
21402,19856,24,1,0,1017,0.51,7,1
39799,23510,44,1,1,12808,0.98,1,0
32765,24688,39,1,1,9573,0.89,3,0
52018,34492,54,1,1,17344,0.94,3,0
17191,18329,25,0,0,361,0.29,8,1
26652,22729,33,1,1,8184,0.75,3,1
43399,29012,48,1,1,14522,0.96,1,0
50316,35277,55,1,1,16811,0.92,2,0
24355,22133,28,0,0,782,0.53,7,1
15807,17001,27,0,0,352,0.22,6,1
34450,23064,42,1,1,11744,0.88,2,0
40298,24580,50,1,1,9912,0.83,4,1
23211,20392,30,0,0,629,0.4,8,1
29822,25812,35,1,1,8650,0.85,3,0
48783,31208,47,1,1,14880,0.92,2,0
36902,21190,41,1,1,10828,0.97,1,0
22605,21828,31,1,0,1301,0.57,7,1
41884,25519,37,1,1,13940,0.96,1,0
31955,23858,38,1,1,9555,0.88,3,0
25108,21213,24,0,0,623,0.42,8,1
33191,25607,40,1,1,10422,0.91,2,0
42742,27280,43,1,1,13371,0.95,1,0
18788,19401,25,0,0,366,0.29,7,1
28239,24491,29,1,1,9155,0.83,3,0
50316,32891,52,1,1,17800,0.94,3,0
21351,21912,28,0,0,1110,0.58,6,1
26644,25491,35,1,1,8660,0.82,3,1
29611,24533,34,1,1,9494,0.82,3,0
37478,22319,51,1,1,14200,0.94,1,0
19218,20241,23,0,0,630,0.25,7,1
40555,25997,41,1,1,11981,0.91,2,0
13689,14851,25,0,0,310,0.19,8,1
30566,25984,36,1,1,8872,0.87,2,0
51274,34517,53,1,1,17854,0.93,2,0
16411,17245,28,0,0,299,0.27,6,1
38723,24059,39,1,1,10925,0.92,3,0
25910,22398,33,1,1,8650,0.75,5,1
20000,14000,28,1,1,2500,0.85,2,0
25000,16000,33,1,1,2800,0.92,1,0
18000,12000,26,1,1,2200,0.77,3,0
30000,19000,38,1,1,3500,0.88,4,0
15000,10000,24,1,0,800,0.75,1,0
40000,24000,45,1,1,5000,0.93,5,0
32000,21000,42,1,1,4500,0.9,4,0
22000,15000,29,1,1,2600,0.82,2,0
28000,19000,31,1,1,3500,0.86,3,0
26000,17500,30,1,1,3000,0.84,3,0
12000,9500,22,1,0,600,0.71,1,0
45000,27000,47,1,1,6000,0.95,5,0
47000,31000,49,1,1,6500,0.96,6,0
34000,21000,37,1,1,4000,0.91,4,0
29000,17000,36,1,1,3800,0.92,3,0
36000,22000,40,1,1,4200,0.89,4,0
31000,18000,32,1,1,3500,0.87,2,0
27000,16000,27,1,1,3000,0.83,2,0
23000,15000,28,1,1,2500,0.8,2,0
42000,24000,46,1,1,5800,0.94,5,0
22000,20000,30,1,1,400,0.32,7,1
15000,14000,23,1,0,200,0.28,8,1
12000,11000,22,1,0,150,0.25,6,1
30000,26000,34,1,1,450,0.4,6,1
18000,16000,25,1,0,350,0.36,7,1
26000,24000,29,1,1,600,0.42,8,1
24000,21000,27,1,1,700,0.45,9,1
20000,17000,30,1,1,650,0.48,7,1
16000,14500,24,1,0,500,0.3,6,1
14000,13000,22,1,0,300,0.27,6,1
25000,21500,28,1,1,550,0.41,7,1
28000,25000,32,1,1,750,0.43,8,1
31000,27000,35,1,1,850,0.47,9,1
33000,30000,36,1,1,900,0.49,8,1
36000,33000,41,1,1,950,0.5,10,1
19000,17000,26,1,0,450,0.35,8,1
17000,15000,23,1,0,300,0.29,7,1
22000,19500,29,1,1,600,0.38,9,1
26000,23000,33,1,1,750,0.44,8,1
30000,27000,38,1,1,1000,0.4,7,1
24500,22900,30,1,1,124,0.5,6,1
14500,8500,23,1,0,1272,0.87,5,0
32000,29900,35,1,1,113,0.41,11,1
21000,12300,29,1,1,5129,0.85,3,0
23500,20400,33,1,1,779,0.2,5,1
26500,17000,41,1,1,4412,0.89,2,0
28500,26200,40,1,1,401,0.46,9,1
36000,20200,31,1,1,4705,0.9,6,0
22500,15200,41,1,1,5569,0.91,4,0
13500,12700,25,1,1,367,0.43,12,1
20500,18900,32,1,0,298,0.35,8,1
31000,17300,44,1,1,6203,0.93,3,0
26000,24100,36,1,1,522,0.39,10,1
29500,17600,29,1,1,4387,0.86,4,0
15500,14000,24,1,0,215,0.29,7,1
28500,21600,39,1,1,4732,0.9,2,0
17500,15700,27,1,0,182,0.32,8,1
33000,25300,42,1,1,6088,0.94,3,0
24000,22400,34,1,1,341,0.37,9,1
20000,15100,28,1,1,3825,0.88,2,0
27000,21000,37,1,1,4421,0.92,4,0
25500,23200,33,1,1,413,0.49,8,1
16000,13700,26,1,0,163,0.24,6,1
34500,26800,45,1,1,5891,0.95,3,0
22000,19500,30,1,1,367,0.4,7,1
29500,23000,38,1,1,5144,0.89,4,0
13000,11900,23,1,0,142,0.27,6,1
30500,23800,40,1,1,6032,0.92,4,0
18500,17200,29,1,0,211,0.34,7,1
27500,25400,36,1,1,545,0.52,9,1
21500,16100,32,1,1,3310,0.86,3,0
29000,22600,39,1,1,4829,0.91,4,0
15000,14200,24,1,0,121,0.23,7,1
33500,26400,43,1,1,6115,0.95,2,0
24000,21400,31,1,1,392,0.45,8,1
26000,17500,35,1,1,4288,0.88,3,0
22500,20600,34,1,1,359,0.38,9,1
32000,25000,41,1,1,5751,0.93,3,0
16500,15100,27,1,0,191,0.31,7,1
28000,21900,38,1,1,4520,0.9,2,0
25500,23400,33,1,1,427,0.44,10,1
19000,17600,28,1,0,236,0.36,8,1
30000,23400,37,1,1,4937,0.91,4,0
21000,18900,30,1,1,318,0.4,8,1
34000,26400,44,1,1,6230,0.94,3,0
17500,16400,26,1,0,205,0.33,7,1
23000,21100,32,1,1,372,0.42,9,1
26500,20500,35,1,1,4499,0.89,3,0
14500,13400,23,1,0,136,0.26,6,1
29500,22900,39,1,1,5210,0.92,4,0
25000,23500,34,1,1,411,0.48,9,1
18500,17000,27,1,0,227,0.35,7,1
31000,24100,40,1,1,5674,0.93,3,0
22000,20100,31,1,1,348,0.41,8,1
27500,21400,36,1,1,4612,0.9,4,0
16000,14900,24,1,0,174,0.3,7,1
33500,26100,42,1,1,6078,0.95,3,0
20500,19100,29,1,0,259,0.37,8,1
29000,22800,38,1,1,4985,0.91,4,0
24000,22200,33,1,1,386,0.43,9,1
18000,16500,26,1,0,196,0.32,7,1
32000,25300,41,1,1,5832,0.94,3,0
21500,19900,30,1,1,332,0.39,8,1
30500,23700,39,1,1,5587,0.92,4,0
17000,15800,25,1,0,187,0.31,7,1
34500,27000,45,1,1,6291,0.95,3,0
22500,20700,32,1,1,361,0.4,9,1
26000,24300,36,1,1,441,0.47,10,1
15000,13900,23,1,0,149,0.28,6,1
29500,22700,38,1,1,5198,0.91,4,0
21000,19200,29,1,1,309,0.38,8,1
33000,25700,43,1,1,5954,0.94,3,0
18500,17500,27,1,0,233,0.36,7,1
28000,22000,37,1,1,4673,0.9,4,0
23500,21900,31,1,1,379,0.42,9,1
26500,20900,35,1,1,4527,0.89,3,0
16000,15200,24,1,0,168,0.29,7,1
31000,24300,40,1,1,5621,0.93,4,0
22000,20400,30,1,1,344,0.41,8,1
27500,21700,36,1,1,4590,0.9,3,0
17500,16300,26,1,0,201,0.33,7,1
34000,26600,44,1,1,6207,0.95,3,0
20500,19000,28,1,0,253,0.36,8,1
29000,23100,38,1,1,5012,0.92,4,0
24500,23000,33,1,1,402,0.46,9,1
18000,16700,25,1,0,193,0.32,7,1
32500,25600,41,1,1,5893,0.94,3,0
21500,19800,29,1,1,329,0.39,8,1
30000,23600,39,1,1,5536,0.92,4,0
17000,15900,24,1,0,181,0.3,7,1
35000,27200,46,1,1,6335,0.96,3,0
23000,21300,32,1,1,368,0.42,9,1
26000,24500,35,1,1,437,0.48,10,1
15500,14300,23,1,0,158,0.28,6,1
28500,22500,37,1,1,4761,0.9,4,0
21000,19300,28,1,1,304,0.38,8,1
33500,25900,42,1,1,5997,0.94,3,0
19000,17800,27,1,0,239,0.36,7,1
29500,23200,38,1,1,5239,0.92,4,0
24000,22300,31,1,1,392,0.43,9,1
18500,17300,26,1,0,221,0.35,7,1
32000,25400,40,1,1,5859,0.94,3,0
22500,20800,30,1,1,357,0.4,8,1
27000,21200,36,1,1,4635,0.9,3,0
16500,15300,24,1,0,176,0.3,7,1
34500,27100,45,1,1,6314,0.96,3,0
21500,20000,29,1,1,338,0.39,8,1
30000,23800,39,1,1,5562,0.93,4,0
17500,16500,25,1,0,197,0.32,7,1
34000,26700,44,1,1,6241,0.95,3,0
22000,20500,31,1,1,351,0.41,8,1
28000,22100,37,1,1,4701,0.91,4,0
16000,15000,23,1,0,172,0.29,7,1
33000,25800,42,1,1,5972,0.94,3,0
21000,19400,28,1,1,311,0.38,8,1
29000,23300,38,1,1,5058,0.92,4,0
18500,17600,26,1,0,225,0.35,7,1
32500,25700,41,1,1,5918,0.94,3,0
23000,21400,32,1,1,373,0.42,9,1
26500,24700,35,1,1,445,0.49,10,1
15000,14100,22,1,0,153,0.28,6,1
30500,23900,37,1,1,5608,0.93,4,0
22000,20600,29,1,1,347,0.41,8,1
27500,21900,36,1,1,4661,0.91,3,0
17000,16100,24,1,0,184,0.3,7,1
35000,27300,46,1,1,6369,0.96,3,0
22500,20900,30,1,1,362,0.4,8,1
29500,23400,39,1,1,5277,0.93,4,0
18000,16800,25,1,0,199,0.32,7,1
34500,27200,45,1,1,6342,0.96,3,0
21500,20100,28,1,1,340,0.39,8,1
28500,22600,37,1,1,4794,0.91,4,0
16000,15100,23,1,0,170,0.29,7,1
33500,26000,42,1,1,6019,0.94,3,0
20500,19200,27,1,0,263,0.37,8,1
30000,24000,39,1,1,5599,0.93,4,0
17500,16600,25,1,0,203,0.33,7,1
34000,26800,44,1,1,6268,0.95,3,0
23000,21500,31,1,1,370,0.42,9,1
27000,22200,36,1,1,4687,0.91,4,0
18500,17700,26,1,0,229,0.35,7,1
32000,25500,40,1,1,5886,0.94,3,0
21000,19500,29,1,1,315,0.38,8,1
29000,23500,38,1,1,5093,0.93,4,0
16500,15500,24,1,0,178,0.3,7,1
35000,27400,46,1,1,6397,0.96,3,0
22000,20700,30,1,1,354,0.41,8,1
28000,22300,37,1,1,4729,0.91,4,0
15000,14400,23,1,0,155,0.28,6,1
33000,25900,42,1,1,5990,0.94,3,0
20500,19300,28,1,0,266,0.37,8,1
29500,23600,39,1,1,5316,0.93,4,0
18000,16900,26,1,0,201,0.32,7,1
34500,27300,45,1,1,6370,0.96,3,0
22500,21000,31,1,1,365,0.4,8,1
27500,22500,36,1,1,4755,0.92,4,0
17000,16200,24,1,0,186,0.31,7,1
33500,26200,43,1,1,6045,0.95,3,0
21500,20200,29,1,1,342,0.39,8,1
30500,24200,40,1,1,5644,0.93,4,0
18500,17900,27,1,0,235,0.36,7,1
32500,25800,41,1,1,5943,0.94,3,0
23000,21600,32,1,1,375,0.42,9,1
26500,24800,35,1,1,449,0.49,10,1
15500,14500,23,1,0,160,0.28,6,1
30000,24100,38,1,1,5629,0.93,4,0
22000,20800,30,1,1,350,0.41,8,1
28500,22800,37,1,1,4819,0.92,4,0
16500,15700,24,1,0,180,0.3,7,1
34500,27500,46,1,1,6421,0.96,3,0
21000,19600,28,1,1,317,0.38,8,1
29000,23700,39,1,1,5126,0.93,4,0
17500,16700,25,1,0,205,0.32,7,1
34000,26900,44,1,1,6294,0.95,3,0
22500,21100,31,1,1,367,0.4,8,1
27500,22600,36,1,1,4779,0.92,4,0
17000,16300,24,1,0,188,0.31,7,1
33500,26300,43,1,1,6071,0.95,3,0
21500,20300,29,1,1,345,0.39,8,1
30000,24300,40,1,1,5672,0.93,4,0
18000,17000,26,1,0,207,0.32,7,1
35000,27600,46,1,1,6445,0.96,3,0
23000,21700,32,1,1,372,0.42,9,1
27000,22400,37,1,1,4749,0.92,4,0
16000,15400,23,1,0,176,0.29,7,1
33000,26100,42,1,1,6012,0.94,3,0
20500,19400,28,1,0,268,0.37,8,1
29500,23800,39,1,1,5349,0.93,4,0
18500,18000,27,1,0,237,0.36,7,1
32500,25900,41,1,1,5967,0.94,3,0
22000,20900,30,1,1,353,0.41,8,1
28000,22500,37,1,1,4757,0.92,4,0
15000,14600,23,1,0,157,0.28,6,1
34000,27000,44,1,1,6318,0.95,3,0
21000,19700,29,1,1,320,0.38,8,1
29000,23900,39,1,1,5162,0.93,4,0
17500,16800,25,1,0,209,0.32,7,1
34500,27700,46,1,1,6468,0.96,3,0
22500,21200,31,1,1,369,0.4,8,1
30500,24400,40,1,1,5705,0.93,4,0
16500,15800,24,1,0,182,0.3,7,1
33500,26400,43,1,1,6094,0.95,3,0
21500,20400,29,1,1,347,0.39,8,1
30000,24500,38,1,1,5698,0.93,4,0
18000,17100,26,1,0,209,0.32,7,1
35000,27800,46,1,1,6491,0.96,3,0
23000,21800,32,1,1,374,0.42,9,1
27000,22600,37,1,1,4781,0.92,4,0
16000,15500,23,1,0,178,0.29,7,1
33000,26200,42,1,1,6036,0.94,3,0
20500,19500,28,1,0,270,0.37,8,1
29500,24000,39,1,1,5382,0.93,4,0
18500,18100,27,1,0,239,0.36,7,1
21500,13500,31,1,1,2100,0.82,2,0
23500,14000,33,1,1,3100,0.91,1,0
18500,12000,29,1,1,1900,0.79,2,0
9000,10500,26,0,0,250,0.41,3,1
12000,9500,28,1,1,650,0.54,2,1
16000,11500,30,1,1,1300,0.61,2,0
28000,15000,37,1,1,4500,0.95,1,0
6500,8500,24,0,0,120,0.31,3,1
8500,9000,22,0,0,140,0.39,4,1
22000,13800,33,1,1,2600,0.87,1,0
19500,12000,30,1,1,1800,0.72,2,0
13500,11000,29,1,1,900,0.69,3,0
9400,10800,27,0,0,280,0.42,4,1
31000,17500,41,1,1,5900,0.96,1,0
17500,13000,32,1,1,1400,0.66,2,0
18500,9500,29,1,1,1700,0.78,2,0
7600,9600,22,0,0,90,0.25,3,1
27800,15000,39,1,1,5000,0.92,1,0
12600,10000,28,1,1,750,0.68,2,0
15800,13300,29,1,0,600,0.61,3,1
9800,10800,27,0,0,90,0.31,4,1
9200,9300,25,0,0,60,0.38,3,1
21500,15000,36,1,1,2250,0.82,2,0
24000,16500,35,1,1,3500,0.91,1,0
14000,11000,31,1,1,1000,0.67,2,0
7800,8800,23,0,0,110,0.28,4,1
8900,10500,25,0,0,175,0.35,3,1
30500,18500,42,1,1,6200,0.94,1,0
16900,13900,34,1,1,1100,0.59,3,1
23000,16500,33,1,1,2650,0.89,2,0
10800,10200,27,1,0,420,0.47,3,1
21400,12000,30,1,1,2000,0.81,2,0
25200,14500,32,1,1,3300,0.88,1,0
8400,8600,24,0,0,130,0.31,3,1
17500,11800,31,1,1,1300,0.76,2,0
19600,12000,35,1,1,1800,0.73,2,0
23400,14000,33,1,1,2750,0.91,1,0
9600,9800,22,0,0,160,0.28,3,1
27800,17000,39,1,1,4900,0.95,1,0
26500,18000,38,1,1,4200,0.85,1,0
9150,10450,25,0,0,130,0.27,3,1
14900,11000,29,1,1,850,0.61,2,0
16200,12800,28,1,1,1200,0.66,2,0
7600,8200,21,0,0,85,0.22,3,1
31000,20500,41,1,1,6300,0.96,1,0
17600,12000,29,1,1,1400,0.73,2,0
9200,9600,22,0,0,145,0.34,4,1
11500,9800,28,1,1,500,0.58,2,1
26500,15000,34,1,1,3900,0.93,1,0
27500,16000,40,1,1,4550,0.95,1,0
9200,11500,25,0,0,130,0.29,3,1
24000,17500,35,1,1,3100,0.84,2,0
24500,14000,36,1,1,3350,0.89,1,0
15500,10000,28,1,1,950,0.7,2,0
7900,9000,23,0,0,110,0.3,3,1
30500,19000,41,1,1,6050,0.97,1,0
16800,14500,31,1,1,1200,0.6,2,1
14200,11000,27,1,1,900,0.67,2,0
12200,10600,29,1,1,700,0.52,3,1
29200,15500,39,1,1,4700,0.93,1,0
7500,9200,21,0,0,75,0.26,4,1
18400,12000,33,1,1,1600,0.72,2,0
9700,10900,27,0,0,120,0.33,3,1
25000,15300,36,1,1,3500,0.89,1,0
19500,14000,34,1,1,1800,0.71,2,0
7600,9200,24,0,0,80,0.29,4,1
31200,21000,42,1,1,6500,0.97,1,0
15200,13500,28,1,1,850,0.63,2,1
14200,12000,27,1,1,850,0.61,2,1
22500,13000,32,1,1,2600,0.85,1,0
11200,10400,26,1,0,430,0.45,2,1
16800,12500,29,1,1,1200,0.69,2,0
23900,15000,35,1,1,3200,0.92,1,0
9100,9600,22,0,0,130,0.35,4,1
26200,17000,38,1,1,4100,0.9,1,0
27000,17500,33,1,1,4200,0.91,1,0
9300,10800,25,0,0,150,0.29,3,1
14500,11500,29,1,1,950,0.63,2,0
16200,12800,28,1,1,1200,0.72,2,0
7200,8500,20,0,0,90,0.21,4,1
26000,18500,36,1,1,3950,0.87,2,0
19500,13800,34,1,1,1800,0.74,2,0
9800,11000,27,0,0,95,0.31,3,1
26000,17000,37,1,1,4000,0.93,1,0
22200,14000,30,1,1,2400,0.82,2,0
30500,17500,44,1,1,6000,0.95,1,0
11800,10400,26,1,1,600,0.56,2,1
9200,11200,23,0,0,110,0.29,4,1
18900,14500,33,1,1,1500,0.75,2,0
9500,10400,26,0,0,200,0.38,3,1
27500,16000,36,1,1,4400,0.94,1,0
26000,15000,39,1,1,3800,0.91,1,0
14900,11000,28,1,1,900,0.65,3,0
10500,11500,25,1,0,350,0.44,4,1
24400,16000,35,1,1,3000,0.9,2,0
8000,9800,22,0,0,95,0.26,3,1
19900,12700,30,1,1,1700,0.73,2,0
25700,14500,38,1,1,3500,0.9,1,0
9800,10900,24,0,0,120,0.34,4,1
20500,13500,32,1,1,1900,0.76,2,0
27500,16800,40,1,1,4050,0.92,1,0
14000,11500,31,1,1,950,0.69,2,0
7600,8500,22,0,0,75,0.23,3,1
30500,19500,44,1,1,6150,0.96,1,0
19700,13500,35,1,1,1650,0.71,2,0
9800,11100,27,0,0,155,0.31,4,1
25200,16500,36,1,1,3300,0.89,2,0
23500,15000,33,1,1,3100,0.91,1,0
8000,9300,21,0,0,80,0.27,3,1
17500,12000,29,1,1,1250,0.74,2,0
23200,15500,34,1,1,2900,0.88,2,0
9000,11000,25,0,0,150,0.34,4,1
20700,12500,29,1,1,1800,0.77,2,0
26800,17000,38,1,1,4250,0.92,1,0
10100,11100,26,0,0,200,0.39,4,1
26000,14800,36,1,1,3900,0.88,1,0
14800,12000,30,1,1,950,0.68,3,0
9100,9600,22,0,0,100,0.29,4,1
24500,15200,35,1,1,3200,0.89,1,0
17000,12000,31,1,1,1250,0.75,2,0
10000,11200,24,0,0,155,0.32,3,1
27500,18500,42,1,1,4500,0.93,1,0
21400,12000,29,1,1,2000,0.81,1,0
19200,13800,33,1,1,1650,0.68,2,0
8700,10800,25,0,0,120,0.29,4,1
31000,21500,46,1,1,6500,0.96,1,0
16700,14500,30,1,1,1200,0.59,3,1
14500,11000,29,1,1,950,0.7,2,0
9200,10500,24,0,0,140,0.32,3,1
23600,14000,34,1,1,2700,0.86,2,0
26200,17500,36,1,1,3800,0.92,1,0
13200,10800,29,1,1,800,0.63,3,0
9600,11500,28,0,0,120,0.31,4,1
27500,16500,41,1,1,4600,0.93,1,0
17500,12000,33,1,1,1500,0.76,2,0
9000,9900,25,0,0,110,0.28,3,1
25500,16000,36,1,1,3450,0.91,2,0
23200,13800,31,1,1,2500,0.85,1,0
10000,11200,22,0,0,155,0.32,4,1
26000,17800,39,1,1,4200,0.94,1,0
24500,14900,37,1,1,3500,0.85,2,0
13600,11000,28,1,1,900,0.67,3,0
8800,10100,26,0,0,120,0.37,3,1
29600,18000,40,1,1,5100,0.93,1,0
22400,15000,35,1,1,2700,0.86,2,0
14000,11500,29,1,1,950,0.68,3,0
7800,8900,22,0,0,110,0.26,4,1
18700,13000,34,1,1,1500,0.74,2,0
27400,16800,38,1,1,4000,0.92,1,0
9200,10500,26,0,0,140,0.32,4,1
25000,14500,31,1,1,3500,0.89,1,0
17500,12100,30,1,1,1250,0.75,2,0
9400,10800,24,0,0,160,0.33,3,1
23200,16000,35,1,1,3100,0.85,2,0
26000,17000,37,1,1,3900,0.92,1,0
13200,11400,28,1,1,800,0.63,3,0
8800,10600,22,0,0,100,0.27,4,1
31000,21000,43,1,1,6300,0.95,1,0
19900,13500,31,1,1,1600,0.71,2,0
10500,12000,25,1,0,350,0.46,4,1
24800,16000,36,1,1,3100,0.89,2,0
23000,15000,32,1,1,2700,0.88,1,0
8700,9800,24,0,0,110,0.29,3,1
26200,17800,38,1,1,4050,0.92,1,0
13800,11200,27,1,1,850,0.66,2,0
9400,10900,25,0,0,95,0.31,4,1
28000,16500,40,1,1,4600,0.94,1,0
21000,14000,30,1,1,2200,0.81,2,0
14000,12000,29,1,1,950,0.65,3,0
7500,9200,23,0,0,100,0.28,4,1
19500,13000,31,1,1,1650,0.74,2,0
27000,18000,39,1,1,4200,0.93,1,0
9200,10800,25,0,0,110,0.3,4,1
25600,15500,33,1,1,3600,0.88,2,0
23000,15000,37,1,1,2850,0.85,1,0
9600,10300,24,0,0,90,0.34,4,1
24000,16000,34,1,1,3200,0.89,2,0
27500,17800,41,1,1,4500,0.94,1,0
15500,11300,29,1,1,950,0.69,2,0
8900,10200,26,0,0,110,0.33,4,1
23600,14800,35,1,1,2650,0.88,1,0
25500,16500,38,1,1,3450,0.91,1,0
14200,11800,30,1,1,900,0.66,2,0
7800,9200,23,0,0,110,0.29,4,1
28500,17500,41,1,1,4600,0.95,1,0
17500,12200,29,1,1,1250,0.74,2,0
8900,10900,25,0,0,130,0.32,4,1
25000,15500,33,1,1,3500,0.89,1,0
19000,13500,30,1,1,1600,0.73,2,0
9500,11000,26,0,0,175,0.35,4,1
23300,15500,37,1,1,3050,0.86,2,0
26200,17000,39,1,1,3900,0.92,1,0
14400,11600,29,1,1,950,0.67,3,0
9200,10100,23,0,0,115,0.28,4,1
30500,19800,45,1,1,6200,0.96,1,0
17500,12500,30,1,1,1350,0.75,2,0
13700,10600,28,1,1,850,0.65,3,0
9600,10200,24,0,0,120,0.32,4,1
26200,17800,38,1,1,4100,0.92,1,0
23300,14500,34,1,1,2900,0.86,2,0
7900,9400,26,0,0,100,0.27,3,1
27600,17500,40,1,1,4800,0.95,1,0
29500,18800,42,1,1,5100,0.95,1,0
15500,11500,29,1,1,950,0.7,3,0
9000,10000,23,0,0,130,0.31,4,1
24500,16000,35,1,1,3300,0.89,1,0
18500,13200,30,1,1,1550,0.73,2,0
8900,11000,25,0,0,155,0.35,4,1
26500,17000,38,1,1,4100,0.92,1,0
23200,15000,35,1,1,2950,0.86,2,0
9100,10100,22,0,0,120,0.29,4,1
24800,16500,37,1,1,3400,0.9,1,0
17600,12500,29,1,1,1300,0.74,2,0
9500,10900,26,0,0,165,0.34,4,1
26500,18000,41,1,1,4200,0.93,1,0
19500,14000,32,1,1,1700,0.75,2,0
9200,10200,25,0,0,140,0.3,3,1
23700,15000,33,1,1,3100,0.86,2,0
26000,16900,36,1,1,4050,0.92,1,0
14200,11200,28,1,1,900,0.66,3,0
9100,9800,24,0,0,115,0.29,4,1
25200,15800,37,1,1,3600,0.91,1,0
19900,14500,31,1,1,1550,0.72,2,0
9400,10500,27,0,0,135,0.34,3,1
28000,18500,41,1,1,4750,0.94,1,0
20000,12000,29,1,1,2500,0.85,2,0
15000,13000,31,1,1,1200,0.55,4,1
22000,14000,27,1,1,3000,0.92,1,0
9000,9500,26,0,0,200,0.25,3,1
18000,8000,33,1,1,1500,0.78,2,0
10000,9500,25,0,0,100,0.35,2,1
30000,20000,40,1,1,6000,0.97,1,0
7000,9000,22,0,0,50,0.2,4,1
26000,15000,30,1,1,4200,0.89,1,0
8000,9200,24,0,0,80,0.33,3,1
21000,12000,28,1,1,2500,0.88,2,0
14000,10000,29,1,1,900,0.72,3,0
9500,11500,25,0,0,150,0.42,4,1
27000,16000,35,1,1,5000,0.91,1,0
11000,10800,26,1,0,300,0.6,2,1
33000,19000,38,1,1,7000,0.95,1,0
13000,9000,29,1,1,900,0.7,2,0
8500,8900,23,0,0,100,0.28,3,1
24000,14000,30,1,1,3500,0.87,1,0
7500,9500,21,0,0,50,0.22,4,1
22000,15000,30,1,1,5000,0.92,3,0
12000,10500,26,1,0,800,0.55,1,1
18000,14000,40,1,1,2500,0.8,4,0
10000,9000,35,0,0,300,0.4,1,1
25000,16000,29,1,1,6000,0.95,5,0
15000,13500,32,1,1,1200,0.45,2,1
8000,7000,45,0,0,200,0.35,0,1
30000,20000,31,1,1,7000,0.88,4,0
20000,17500,28,1,1,1500,0.5,1,1
12000,7000,24,1,1,1800,0.9,2,0
18000,9000,27,1,1,3000,0.93,3,0
22000,19500,42,1,0,1000,0.48,1,1
16000,14000,39,1,1,900,0.52,2,1
28000,18000,33,1,1,8000,0.89,5,0
9000,8200,50,0,0,150,0.3,0,1
35000,24000,37,1,1,9000,0.91,6,0
20000,13000,25,1,1,4000,0.87,3,0
14000,11000,29,1,0,600,0.6,1,1
26000,20000,41,1,1,3500,0.55,2,1
10000,6500,23,1,1,1200,0.96,1,0
18000,15500,36,0,1,700,0.58,2,1
24000,13000,27,1,1,5000,0.94,4,0
12000,9500,31,1,0,900,0.62,1,1
30000,27000,45,1,1,2000,0.42,1,1
16000,9000,22,1,1,2500,0.9,2,0
20000,15000,34,1,1,3200,0.78,3,0
15000,12000,38,0,1,500,0.57,1,1
26000,19000,30,1,1,4500,0.83,4,0
8000,7600,33,1,0,300,0.47,0,1
28000,21000,39,1,1,6000,0.79,3,0
18000,17000,44,1,0,700,0.41,2,1
22000,13000,26,1,1,4200,0.88,3,0
14000,12500,32,0,0,400,0.52,1,1
32000,22000,35,1,1,7500,0.86,5,0
9000,6000,24,1,1,900,0.93,1,0
25000,21000,43,1,0,1500,0.49,2,1
16000,10000,29,1,1,2600,0.85,2,0
12000,11500,48,0,1,500,0.39,1,1
27000,18000,31,1,1,6500,0.9,4,0
20000,18500,40,1,0,800,0.51,1,1
15000,8000,27,1,1,2300,0.92,2,0
18000,15000,34,1,1,1800,0.63,2,1
30000,25000,46,1,1,3000,0.53,2,1
22000,14000,28,1,1,4800,0.89,3,0
10000,8800,37,0,0,250,0.44,0,1
26000,15000,25,1,1,5200,0.91,4,0
14000,9000,30,1,1,2100,0.87,2,0
24000,21000,41,1,0,1300,0.5,1,1
16000,15000,38,0,1,600,0.46,1,1
28000,19000,33,1,1,7000,0.88,4,0
28510,17320,29,1,1,4120,0.78,2,0
19840,13210,33,1,1,6240,0.81,1,0
45220,27590,41,1,1,9870,0.92,3,0
16790,9210,27,1,1,3180,0.74,2,1
53210,30110,45,1,1,14200,0.95,0,0
24890,15400,31,1,1,5230,0.86,1,0
31200,20510,36,1,1,7600,0.88,3,0
18590,11400,28,1,1,2900,0.72,2,1
46990,24300,47,1,1,12050,0.91,4,0
22600,14320,30,1,1,4550,0.77,1,0
35510,21990,39,1,1,8800,0.89,2,0
19350,12840,26,1,1,2400,0.69,3,1
51440,29200,44,1,1,13440,0.94,1,0
24220,15210,33,1,1,4920,0.83,2,0
32940,19850,38,1,1,7750,0.87,1,0
17860,10150,25,1,1,2120,0.66,2,1
48610,26100,49,1,1,12790,0.92,4,0
29800,18550,32,1,1,6050,0.81,2,0
36440,22410,40,1,1,9100,0.9,3,0
20750,11890,29,1,1,3300,0.73,1,1
53800,31850,46,1,1,14850,0.96,0,0
25110,16040,34,1,1,5400,0.84,1,0
31580,20800,37,1,1,7200,0.86,2,0
18940,11020,28,1,1,2750,0.68,3,1
47890,25600,48,1,1,12130,0.9,4,0
23420,14890,31,1,1,4100,0.79,1,0
34250,21040,39,1,1,8000,0.88,2,0
17220,9500,26,1,1,1900,0.64,2,1
49510,27050,50,1,1,13220,0.93,3,0
22090,13980,30,1,1,3800,0.76,1,0
30210,21490,29,1,1,980,0.41,5,1
18540,17100,33,1,1,12800,0.92,0,0
61220,44800,41,1,1,3500,0.58,4,1
14790,13950,27,1,1,720,0.33,3,1
49800,22000,45,1,1,22000,0.97,1,0
26890,31010,31,1,1,4300,0.66,6,1
34100,9000,36,1,1,14000,0.89,2,0
16290,6700,28,1,1,150,0.21,4,1
55600,39700,47,1,1,6000,0.73,3,1
22300,25000,30,1,1,3000,0.44,2,1
37810,12040,39,1,1,21000,0.91,1,0
19200,6000,26,1,1,2600,0.47,3,1
58740,30100,44,1,1,4500,0.52,4,1
24120,19070,33,1,1,19000,0.95,0,0
36840,26010,38,1,1,12000,0.78,2,0
12260,8400,25,1,1,80,0.19,5,1
53290,19040,49,1,1,25500,0.93,1,0
31500,28010,32,1,1,500,0.29,3,1
41840,15000,40,1,1,15000,0.88,2,0
20570,23300,29,1,1,6000,0.59,4,1
59800,47000,46,1,1,12000,0.74,3,1
26200,8000,34,1,1,18000,0.87,0,0
38850,24000,37,1,1,9500,0.63,5,1
16940,9600,28,1,1,200,0.27,4,1
53990,38000,48,1,1,30000,0.96,1,0
22900,26400,31,1,1,3300,0.51,3,1
35520,11020,39,1,1,21000,0.89,2,0
15230,7000,27,1,1,300,0.22,6,1
47200,15000,43,1,1,16000,0.83,1,0
19840,18900,30,1,1,4500,0.48,4,1
59440,33000,50,1,1,5000,0.67,3,1
24440,8200,33,1,1,20000,0.94,1,0
33050,25000,38,1,1,8500,0.58,4,1
17780,6400,26,1,1,110,0.16,6,1
52200,41000,47,1,1,27500,0.92,1,0
32540,19210,30,1,1,6400,0.89,2,0
28750,17640,27,1,1,5200,0.86,1,0
41520,23600,38,1,1,9100,0.92,3,0
19680,14250,25,1,1,2100,0.78,2,0
36210,21480,35,1,1,7800,0.9,2,0
24890,17320,29,1,1,3600,0.81,1,0
53840,29410,44,1,1,14500,0.95,3,0
22170,16190,31,1,1,2800,0.8,1,0
46950,26240,41,1,1,11200,0.93,4,0
30980,18300,36,1,1,6500,0.87,2,0
18240,13950,26,1,1,1700,0.75,2,0
39620,24280,39,1,1,8400,0.9,3,0
27430,19850,33,1,1,3300,0.79,1,0
51210,30540,46,1,1,13800,0.94,4,0
23390,17160,28,1,1,2600,0.8,1,0
35480,24720,42,1,1,7200,0.85,3,0
19570,15280,24,1,1,1800,0.73,2,1
28140,22210,29,1,1,2100,0.69,3,1
33890,26180,37,1,1,2600,0.66,4,1
21420,17650,32,1,1,1500,0.71,2,1
42950,33120,45,1,1,3900,0.7,4,1
25680,21030,27,1,1,1900,0.68,3,1
37240,29160,40,1,1,3200,0.72,4,1
18890,16020,25,1,1,1200,0.65,2,1
29840,23610,34,1,1,2300,0.7,3,1
44120,35480,43,1,1,4100,0.74,4,1
23210,19850,30,1,1,1600,0.67,2,1
36190,28640,38,1,1,2700,0.73,3,1
20750,17860,26,1,1,1300,0.64,2,1
31980,25210,35,1,1,2400,0.69,3,1
32210,19140,29,1,1,6300,0.88,2,0
29540,18190,32,1,1,5600,0.87,1,0
41890,23980,40,1,1,9200,0.93,3,0
20480,14830,26,1,1,2200,0.79,2,0
36750,21940,35,1,1,7900,0.9,2,0
25360,17650,28,1,1,3500,0.82,1,0
54680,29920,47,1,1,14900,0.96,4,0
22840,16590,30,1,1,2900,0.81,1,0
47590,26780,42,1,1,11400,0.92,4,0
31670,18640,37,1,1,6600,0.88,2,0
18940,14180,25,1,1,1800,0.76,2,0
40230,24560,39,1,1,8500,0.9,3,0
27980,20170,34,1,1,3400,0.8,1,0
51940,30980,45,1,1,14050,0.95,4,0
23810,17320,29,1,1,2700,0.8,1,0
35980,24950,41,1,1,7100,0.86,3,0
19740,15560,24,1,1,1700,0.74,2,1
28690,22740,30,1,1,2200,0.7,3,1
34420,26830,36,1,1,2700,0.67,4,1
21960,18190,27,1,1,1500,0.7,2,1
43380,33610,44,1,1,4000,0.71,4,1
26140,21320,28,1,1,1900,0.68,3,1
37890,29760,39,1,1,3300,0.73,4,1
19320,16340,25,1,1,1200,0.65,2,1
30370,24130,33,1,1,2400,0.69,3,1
44610,35920,42,1,1,4200,0.74,4,1
23640,20180,31,1,1,1700,0.67,2,1
36570,28960,38,1,1,2800,0.72,3,1
21150,18140,26,1,1,1400,0.64,2,1
32560,25680,35,1,1,2500,0.7,3,1
29840,32010,29,1,1,900,0.52,4,1
18450,17680,24,1,1,400,0.39,3,1
54120,19840,46,1,1,26000,0.94,1,0
26780,31560,33,1,1,4300,0.61,6,1
34990,9800,37,1,1,15000,0.88,2,0
16240,6900,23,1,1,200,0.28,4,1
58910,40280,49,1,1,6200,0.69,3,1
22340,25190,28,1,1,3100,0.47,2,1
38220,11840,41,1,1,21000,0.9,1,0
19280,6400,25,1,1,2600,0.53,3,1
57130,29200,43,1,1,4800,0.56,4,1
24760,19410,30,1,1,19500,0.93,0,0
33110,25480,39,1,1,8600,0.59,5,1
17650,9700,22,1,0,0,0.31,4,1
49870,15240,45,1,1,17000,0.87,1,0
20940,20450,27,1,1,800,0.44,3,1
60210,47120,50,1,1,5200,0.68,3,1
25490,8200,32,1,1,19500,0.95,1,0
33740,26210,38,1,1,9100,0.6,5,1
18190,6600,24,1,1,150,0.25,5,1
52780,40950,47,1,1,27800,0.93,1,0
31840,18810,29,1,1,6200,0.88,2,0
28950,17840,27,1,1,5100,0.86,1,0
42780,24300,39,1,1,9600,0.92,3,0
20170,14790,26,1,1,2100,0.77,2,0
35980,21240,34,1,1,7600,0.89,2,0
24740,17110,29,1,1,3500,0.82,1,0
54890,30210,46,1,1,15000,0.95,3,0
22640,16490,30,1,1,2900,0.81,1,0
46980,26340,41,1,1,11300,0.93,4,0
31150,18420,36,1,1,6500,0.87,2,0
18590,14270,25,1,1,1700,0.75,2,0
39940,24380,40,1,1,8500,0.9,3,0
28120,20090,33,1,1,3300,0.79,1,0
52210,30710,47,1,1,14200,0.95,4,0
23680,17240,28,1,1,2600,0.8,1,0
35120,24640,42,1,1,7000,0.86,3,0
19760,15640,24,1,1,1800,0.74,2,1
28540,22690,29,1,1,2100,0.7,3,1
34110,26700,37,1,1,2600,0.66,4,1
21890,18140,32,1,1,1500,0.71,2,1
43120,33540,45,1,1,3800,0.7,4,1
26040,21290,27,1,1,1900,0.68,3,1
37910,29850,40,1,1,3300,0.73,4,1
19440,16380,25,1,1,1200,0.65,2,1
30210,24040,34,1,1,2300,0.7,3,1
44420,35810,43,1,1,4100,0.74,4,1
23340,20080,30,1,1,1600,0.67,2,1
36380,28780,38,1,1,2700,0.72,3,1
20910,17940,26,1,1,1300,0.64,2,1
32340,25410,35,1,1,2400,0.69,3,1
29840,32210,29,1,1,900,0.52,4,1
18210,17540,24,1,1,390,0.38,3,1
54820,20010,46,1,1,25900,0.94,1,0
26140,31640,33,1,1,4200,0.6,6,1
34840,9700,37,1,1,14800,0.88,2,0
16480,7000,23,1,1,210,0.29,4,1
58320,39980,49,1,1,6100,0.68,3,1
22690,25140,28,1,1,3100,0.47,2,1
38610,12040,41,1,1,20800,0.9,1,0
19490,6400,25,1,1,2600,0.54,3,1
56780,29400,44,1,1,4700,0.56,4,1
24910,19610,30,1,1,19450,0.94,0,0
33540,25880,38,1,1,8700,0.6,5,1
17840,9800,23,1,0,0,0.32,4,1
50320,15380,45,1,1,17400,0.88,1,0
21440,20340,27,1,1,800,0.43,3,1
59810,47320,50,1,1,5200,0.68,3,1
25240,8100,32,1,1,19200,0.95,1,0
32940,26010,39,1,1,9000,0.59,5,1
18340,6600,24,1,1,150,0.25,5,1
52910,40840,47,1,1,27700,0.93,1,0
31340,18540,36,1,1,6700,0.88,2,0
42210,24040,40,1,1,8800,0.91,3,0
20780,15040,26,1,1,1900,0.76,2,0
36480,21940,35,1,1,7800,0.89,2,0
25210,17630,28,1,1,3500,0.81,1,0
54410,30180,46,1,1,14900,0.95,3,0
23040,16410,30,1,1,2900,0.81,1,0
47840,26540,41,1,1,11500,0.93,4,0
31510,18620,36,1,1,6600,0.88,2,0
18640,14240,25,1,1,1800,0.75,2,0
40410,24640,39,1,1,8600,0.9,3,0
27540,20040,33,1,1,3400,0.8,1,0
52710,30840,47,1,1,14300,0.95,4,0
23940,17340,28,1,1,2700,0.8,1,0
35080,24790,42,1,1,7200,0.86,3,0
19640,15580,24,1,1,1700,0.74,2,1
28340,22610,29,1,1,2200,0.71,3,1
34310,26890,37,1,1,2600,0.66,4,1
21740,18190,32,1,1,1550,0.71,2,1
43640,33740,45,1,1,4000,0.71,4,1
25840,21350,27,1,1,1800,0.68,3,1
37610,29790,40,1,1,3350,0.73,4,1
19160,16280,25,1,1,1300,0.66,2,1
30540,24280,34,1,1,2350,0.71,3,1
44120,35780,43,1,1,4200,0.74,4,1
23640,19910,30,1,1,1650,0.67,2,1
36090,28750,38,1,1,2800,0.73,3,1
21040,17990,26,1,1,1350,0.64,2,1
32010,25490,35,1,1,2450,0.69,3,1
30140,32380,29,1,1,930,0.53,4,1
17910,17680,24,1,1,400,0.39,3,1
54140,20110,46,1,1,26000,0.94,1,0
26540,31840,33,1,1,4100,0.61,6,1
34780,9800,37,1,1,14600,0.88,2,0
16180,7000,23,1,1,200,0.29,4,1
58780,40110,49,1,1,6200,0.69,3,1
22380,25340,28,1,1,3200,0.48,2,1
38240,11940,41,1,1,20900,0.9,1,0
19340,6420,25,1,1,2550,0.54,3,1
57010,29120,44,1,1,4900,0.55,4,1
24810,19540,30,1,1,19300,0.94,0,0
33440,25910,38,1,1,8800,0.61,5,1
18040,9720,23,1,1,160,0.31,4,1
50210,15470,45,1,1,17500,0.88,1,0
21210,20480,27,1,1,820,0.44,3,1
60140,47210,50,1,1,5100,0.68,3,1
25380,8250,32,1,1,19180,0.95,1,0
33040,26180,39,1,1,8950,0.6,5,1
18280,6720,24,1,1,155,0.25,5,1
52840,40780,47,1,1,27650,0.93,1,0
31410,18680,36,1,1,6700,0.88,2,0
42180,24150,40,1,1,8900,0.91,3,0
20890,15210,26,1,1,1850,0.76,2,0
36610,22040,35,1,1,7850,0.89,2,0
25170,17740,28,1,1,3600,0.82,1,0
55010,30310,46,1,1,14850,0.95,3,0
23340,16540,30,1,1,2800,0.81,1,0
18500,14200,28,1,1,1200,0.78,2,0
22000,16500,32,1,1,2500,0.84,1,0
15500,11800,27,1,1,900,0.74,2,0
26000,19500,35,1,1,3500,0.89,3,0
18000,14000,30,1,1,1500,0.81,1,0
12500,9800,26,1,1,700,0.69,2,1
30000,21500,40,1,1,4000,0.91,2,0
17500,15000,29,1,1,950,0.66,3,1
22000,17000,33,1,1,2100,0.79,1,0
14500,11200,24,1,1,800,0.72,2,0
26500,20500,38,1,1,3600,0.88,3,0
16000,13000,27,1,1,900,0.71,2,1
19500,15000,31,1,1,1100,0.76,1,0
23500,18000,36,1,1,2400,0.83,1,0
17500,14500,28,1,1,750,0.68,3,1
28000,21000,39,1,1,4200,0.9,2,0
13000,10500,25,1,1,500,0.64,2,1
24000,18500,34,1,1,2600,0.82,1,0
27000,21000,37,1,1,3800,0.87,2,0
15000,12000,26,1,1,650,0.69,3,1
19000,14800,30,1,1,1050,0.75,1,0
21000,16000,33,1,1,2000,0.8,1,0
16500,13500,29,1,1,850,0.72,2,0
28500,22500,41,1,1,4500,0.92,2,0
17500,14300,28,1,1,950,0.77,1,0
12000,9500,23,1,1,300,0.58,3,1
25000,19500,36,1,1,3000,0.84,1,0
29000,22500,42,1,1,5000,0.93,2,0
13500,11000,25,1,1,400,0.61,3,1
21000,15800,31,1,1,1600,0.79,1,0
18500,14800,28,1,1,900,0.74,2,0
26000,20500,37,1,1,3300,0.87,1,0
17000,14000,27,1,1,650,0.68,3,1
22000,16500,32,1,1,2500,0.82,1,0
24500,18500,35,1,1,2900,0.85,1,0
15500,12600,26,1,1,750,0.7,2,1
27500,21500,38,1,1,4100,0.89,2,0
20000,15500,33,1,1,1700,0.8,1,0
15000,12200,25,1,1,600,0.67,3,1
31000,24000,43,1,1,5200,0.92,2,0
18000,14500,29,1,1,850,0.73,2,0
13000,10600,23,1,1,450,0.6,3,1
26000,20000,36,1,1,3200,0.86,1,0
29500,23000,40,1,1,4700,0.91,2,0
14000,11200,24,1,1,500,0.63,3,1
21500,16500,33,1,1,1800,0.79,2,0
18500,14200,27,1,1,950,0.76,1,0
27500,22000,39,1,1,4200,0.88,2,0
16000,12800,26,1,1,700,0.68,3,1
22500,17500,34,1,1,2300,0.81,1,0
30500,23800,41,1,1,5100,0.9,2,0
15000,12300,25,1,1,650,0.64,3,1
25000,19500,36,1,1,3100,0.83,1,0
27000,21500,38,1,1,3600,0.87,2,0
16500,13200,27,1,1,800,0.7,2,0
19000,15000,29,1,1,1100,0.75,1,0
23000,18000,35,1,1,2400,0.82,1,0
17500,14000,26,1,1,850,0.72,2,1
28500,23000,40,1,1,4600,0.9,2,0
19500,15500,30,1,1,1300,0.78,1,0
14500,11800,24,1,1,550,0.67,3,1
26000,20500,37,1,1,3300,0.86,1,0
29000,22500,41,1,1,4900,0.92,2,0
16000,13000,26,1,1,700,0.69,3,1
22000,16800,33,1,1,2100,0.81,1,0
18500,14500,28,1,1,950,0.75,2,0
26500,21000,38,1,1,3500,0.87,1,0
17500,14200,27,1,1,850,0.72,3,1
23500,18200,34,1,1,2600,0.83,1,0
30500,23900,42,1,1,5200,0.91,2,0
15000,12400,25,1,1,680,0.65,3,1
25500,19800,36,1,1,3000,0.84,1,0
27500,21800,39,1,1,3600,0.88,2,0
16500,13500,27,1,1,780,0.69,2,0
19500,15200,29,1,1,1050,0.76,1,0
23000,17800,35,1,1,2500,0.82,1,0
18000,14600,26,1,1,900,0.73,2,0
29000,23200,41,1,1,4800,0.9,2,0
20000,16000,30,1,1,1400,0.79,1,0
14500,11600,24,1,1,520,0.66,3,1
27000,21500,38,1,1,3500,0.87,1,0
29500,23800,43,1,1,5100,0.91,2,0
16500,13000,27,1,1,750,0.7,2,0
21500,16800,33,1,1,2000,0.8,1,0
18500,14500,28,1,1,900,0.75,2,0
26000,20800,37,1,1,3200,0.86,1,0
17500,14200,26,1,1,820,0.72,3,1
23500,18300,34,1,1,2700,0.83,1,0
30000,23900,42,1,1,5000,0.91,2,0
15000,12000,25,1,1,600,0.64,3,1
25500,19900,36,1,1,3100,0.84,1,0
27500,21900,39,1,1,3600,0.88,2,0
16500,13500,27,1,1,800,0.7,2,0
19500,15000,29,1,1,1100,0.76,1,0
26500,21000,37,1,1,3500,0.87,1,0
15000,12400,25,1,1,600,0.64,3,1
24500,15800,30,1,1,5200,0.86,1,0
18200,12100,27,1,1,3900,0.79,2,0
32500,21000,35,1,1,7300,0.88,2,0
26500,17500,31,1,1,5400,0.84,1,0
19400,13500,28,1,1,3600,0.76,2,0
37800,24000,38,1,1,8200,0.91,3,0
22500,15000,33,1,1,4800,0.83,1,0
30900,19800,36,1,1,7500,0.89,2,0
17200,12000,26,1,1,3500,0.74,2,1
35500,23200,40,1,1,9100,0.92,3,0
21000,13800,29,1,1,4000,0.8,1,0
29000,18200,34,1,1,6300,0.85,1,0
16500,11800,27,1,1,2900,0.69,2,1
34000,22500,39,1,1,8700,0.9,2,0
23500,16000,32,1,1,5100,0.82,1,0
18000,12500,26,1,1,3000,0.72,2,1
31500,20500,37,1,1,7600,0.88,2,0
29500,18900,35,1,1,6800,0.86,1,0
15500,10800,25,1,1,2400,0.67,2,1
32800,21800,36,1,1,8200,0.89,2,0
21000,14200,30,1,1,3900,0.8,1,0
24500,16500,33,1,1,4600,0.83,1,0
17500,12200,27,1,1,2700,0.7,2,1
36000,23800,41,1,1,9100,0.91,3,0
22500,15600,29,1,1,4500,0.82,1,0
19000,13200,28,1,1,3100,0.75,2,0
30500,20000,37,1,1,7400,0.88,2,0
27500,18200,34,1,1,5900,0.84,1,0
16000,11400,26,1,1,2600,0.69,2,1
34500,22800,39,1,1,8600,0.9,2,0
21200,14500,31,1,1,4100,0.81,1,0
23800,16000,33,1,1,4700,0.83,1,0
18200,12800,27,1,1,3000,0.73,2,1
35500,24200,42,1,1,9400,0.92,3,0
22900,15800,30,1,1,4600,0.82,1,0
19800,13500,29,1,1,3300,0.77,2,0
31000,20700,38,1,1,7800,0.89,2,0
26800,17800,35,1,1,5600,0.85,1,0
15200,11000,24,1,1,2300,0.66,2,1
32500,21600,36,1,1,8300,0.9,2,0
21800,14800,31,1,1,4000,0.8,1,0
24000,16200,33,1,1,4900,0.83,1,0
17800,12100,26,1,1,2800,0.71,2,1
35000,23600,41,1,1,9100,0.92,3,0
22300,15500,30,1,1,4500,0.82,1,0
19200,13000,28,1,1,3200,0.75,2,0
30800,20600,37,1,1,7700,0.88,2,0
28500,18200,34,1,1,6000,0.85,1,0
16800,11800,25,1,1,2600,0.69,2,1
33800,22300,38,1,1,8500,0.89,2,0
21500,14500,31,1,1,4200,0.8,1,0
24200,16400,33,1,1,4800,0.83,1,0
18000,12700,27,1,1,3000,0.72,2,1
36200,23900,42,1,1,9300,0.92,3,0
22700,15900,30,1,1,4600,0.82,1,0
19500,13300,29,1,1,3250,0.76,2,0
31200,20900,37,1,1,7800,0.89,2,0
28000,18500,33,1,1,5900,0.84,1,0
17000,11900,26,1,1,2500,0.68,2,1
33000,22000,36,1,1,8400,0.89,2,0
21200,14600,30,1,1,4000,0.8,1,0
23900,16200,32,1,1,4700,0.83,1,0
17600,12400,27,1,1,2900,0.71,2,1
34900,23500,41,1,1,9000,0.91,3,0
22100,15400,29,1,1,4400,0.81,1,0
18800,13200,28,1,1,3150,0.75,2,0
30700,20500,36,1,1,7600,0.88,2,0
27000,18000,34,1,1,5700,0.84,1,0
15800,11300,24,1,1,2300,0.66,2,1
32000,21400,36,1,1,8200,0.89,2,0
21400,14700,31,1,1,4100,0.8,1,0
23600,16000,33,1,1,4650,0.83,1,0
18200,12500,27,1,1,2950,0.71,2,1
35500,24000,42,1,1,9300,0.92,3,0
22600,15800,30,1,1,4550,0.82,1,0
19400,13400,29,1,1,3200,0.76,2,0
30900,20700,37,1,1,7700,0.89,2,0
32500,21200,31,1,1,8500,0.87,1,0
29800,19500,29,1,1,7200,0.84,2,0
36200,23000,34,1,1,9100,0.89,2,0
41000,25500,38,1,1,10500,0.91,3,0
27500,18000,27,1,1,6500,0.82,1,0
31000,20500,32,1,1,7800,0.85,1,0
38900,24800,40,1,1,11200,0.92,3,0
24000,16000,28,1,1,5400,0.79,2,0
35500,22800,35,1,1,9500,0.9,3,0
29500,19000,30,1,1,7100,0.86,1,0
42500,26200,39,1,1,11800,0.93,3,0
21800,14500,26,1,1,4800,0.76,2,0
33500,22000,33,1,1,8700,0.88,2,0
36500,24000,37,1,1,10000,0.9,3,0
26000,16800,29,1,1,6200,0.81,1,0
30500,19800,31,1,1,7600,0.85,1,0
44000,28000,42,1,1,12600,0.94,3,0
23000,15500,27,1,1,5200,0.78,2,0
37000,24200,36,1,1,9800,0.91,3,0
28500,18500,30,1,1,6900,0.84,1,0
41000,25500,38,1,1,10900,0.92,3,0
25500,17000,28,1,1,6000,0.8,1,0
32000,21000,32,1,1,8200,0.87,2,0
35000,23000,35,1,1,9200,0.89,2,0
20000,13800,25,1,1,4400,0.74,2,1
47000,29000,41,1,1,13500,0.93,3,0
26500,17800,29,1,1,6200,0.82,1,0
35500,23500,34,1,1,9400,0.9,2,0
41000,26000,39,1,1,11800,0.93,3,0
22000,15000,26,1,1,5000,0.76,2,0
30000,20000,30,1,1,7800,0.85,1,0
34500,22500,33,1,1,9000,0.89,2,0
19000,13200,25,1,1,4100,0.72,2,1
38900,25200,37,1,1,10800,0.92,3,0
25500,17200,28,1,1,5900,0.79,1,0
31500,21000,31,1,1,8100,0.86,1,0
48000,30000,43,1,1,14000,0.94,3,0
27500,18300,29,1,1,6500,0.82,1,0
34000,22500,34,1,1,9200,0.88,2,0
36500,24000,36,1,1,10000,0.9,2,0
21000,14800,26,1,1,4600,0.74,2,1
39000,25500,38,1,1,11200,0.92,3,0
28000,19000,30,1,1,7000,0.84,1,0
32000,21800,33,1,1,8600,0.87,2,0
35000,23500,35,1,1,9400,0.89,2,0
20500,14500,27,1,1,4500,0.73,2,1
43000,27500,40,1,1,12200,0.93,3,0
30000,20500,31,1,1,7800,0.85,1,0
36000,23800,34,1,1,9500,0.89,2,0
39500,25500,37,1,1,10500,0.91,3,0
21500,15000,26,1,1,4800,0.75,2,1
33000,22000,32,1,1,8800,0.87,2,0
28500,19000,29,1,1,6900,0.84,1,0
41000,26500,38,1,1,11800,0.93,3,0
26000,17500,28,1,1,6100,0.8,1,0
29500,19800,31,1,1,7500,0.86,1,0
45000,29000,41,1,1,13000,0.94,3,0
27500,18500,29,1,1,6500,0.82,1,0
33000,22000,34,1,1,9000,0.88,2,0
36000,24000,36,1,1,9800,0.9,2,0
20500,14500,26,1,1,4500,0.72,2,1
42000,27000,39,1,1,12400,0.93,3,0
28000,19200,30,1,1,7000,0.84,1,0
31800,21500,33,1,1,8500,0.87,2,0
35600,23600,35,1,1,9600,0.89,2,0
21200,15000,27,1,1,4800,0.75,2,1
47000,28500,42,1,1,13800,0.94,3,0
30000,20500,32,1,1,8200,0.86,1,0
34500,23000,35,1,1,9600,0.89,2,0
38000,24800,37,1,1,10800,0.91,3,0
22000,15200,27,1,1,5000,0.76,2,1
33000,21500,33,1,1,8800,0.87,2,0
29500,19500,30,1,1,7200,0.84,1,0
42000,26800,39,1,1,12100,0.93,3,0
26500,17800,29,1,1,6000,0.8,1,0
31000,21000,31,1,1,8300,0.86,1,0
45000,29200,41,1,1,13400,0.94,3,0
27500,18200,28,1,1,6600,0.82,1,0
34000,22800,34,1,1,9400,0.88,2,0
36500,24300,36,1,1,10200,0.9,2,0
21000,14800,26,1,1,4700,0.74,2,1
39000,25800,38,1,1,11400,0.92,3,0
28500,18800,30,1,1,7000,0.84,1,0
32500,21800,33,1,1,8600,0.87,2,0
35800,23800,35,1,1,9800,0.89,2,0
19800,14000,25,1,1,4300,0.72,2,1
46500,28800,42,1,1,13600,0.94,3,0
32000,21000,32,1,1,8500,0.87,1,0
35500,23200,35,1,1,9800,0.89,2,0
39500,25500,37,1,1,11000,0.91,3,0
22500,15500,26,1,1,4800,0.75,2,0
34500,22800,34,1,1,9400,0.88,2,0
31000,20500,30,1,1,7800,0.84,1,0
43000,27200,40,1,1,12500,0.93,3,0
27500,18500,29,1,1,6500,0.81,1,0
29500,20000,31,1,1,7600,0.85,1,0
47000,29500,43,1,1,14000,0.94,3,0
31000,21500,32,1,1,8400,0.86,1,0
36000,24000,35,1,1,10200,0.9,2,0
39000,25500,37,1,1,10800,0.91,3,0
21000,15000,26,1,1,4800,0.73,2,1
33000,22000,33,1,1,9000,0.87,2,0
28000,19000,29,1,1,7000,0.83,1,0
41500,26500,39,1,1,12000,0.93,3,0
25500,17500,28,1,1,5900,0.79,1,0
31200,21000,31,1,1,8100,0.85,1,0
45500,29000,42,1,1,13500,0.94,3,0
27000,18000,29,1,1,6300,0.81,1,0
33500,22500,34,1,1,9000,0.87,2,0
36500,24200,36,1,1,10100,0.9,2,0
20000,14000,25,1,1,4300,0.71,2,1
38500,25200,38,1,1,11000,0.92,3,0
29000,19200,30,1,1,7100,0.83,1,0
32200,21600,33,1,1,8500,0.86,2,0
35000,23500,35,1,1,9600,0.89,2,0
20500,14800,27,1,1,4400,0.72,2,1
46500,28600,41,1,1,13300,0.93,3,0
28000,19000,30,1,1,7100,0.84,1,0
34500,23000,34,1,1,9300,0.88,2,0
37500,24500,36,1,1,10400,0.9,2,0
22000,15200,26,1,1,4800,0.75,2,1
40000,26000,38,1,1,11800,0.92,3,0
29500,19800,29,1,1,7500,0.84,1,0
33000,22200,33,1,1,8900,0.87,2,0
36000,24000,35,1,1,10000,0.9,2,0
21200,15000,27,1,1,4700,0.73,2,1
47000,29000,42,1,1,13600,0.94,3,0
30500,21000,32,1,1,8200,0.86,1,0
35500,23500,35,1,1,9600,0.89,2,0
39000,25000,37,1,1,10800,0.91,3,0
21800,15000,26,1,1,5000,0.75,2,1
34000,22500,33,1,1,9000,0.87,2,0
28500,19500,30,1,1,7200,0.84,1,0
41000,27000,39,1,1,12200,0.93,3,0
25500,17000,28,1,1,6000,0.79,1,0
31500,21000,32,1,1,8100,0.86,1,0
46000,29600,42,1,1,13800,0.94,3,0
30800,21500,31,1,1,8300,0.86,1,0
35000,23000,34,1,1,9500,0.88,2,0
21200,14900,25,1,1,4600,0.73,2,1
39200,25600,38,1,1,11500,0.92,3,0
28200,19000,30,1,1,6900,0.83,1,0
32500,21500,33,1,1,8600,0.87,2,0
36000,23800,35,1,1,10000,0.9,2,0
19800,13800,25,1,1,4300,0.72,2,1
34500,23200,34,1,1,9600,0.89,2,0
38200,24800,37,1,1,10600,0.91,3,0
21800,15200,26,1,1,4800,0.74,2,1
32400,21800,32,1,1,8800,0.87,2,0
28700,19500,29,1,1,7200,0.84,1,0
40500,26800,39,1,1,12000,0.93,3,0
26500,17800,28,1,1,6000,0.79,1,0
31000,21000,31,1,1,8100,0.86,1,0
45500,29200,42,1,1,13600,0.94,3,0
32000,21500,32,1,1,8500,0.87,1,0
34200,22600,34,1,1,9400,0.88,2,0
30000,20500,30,1,1,7800,0.85,1,0
42200,27300,40,1,1,12500,0.93,3,0
27000,18200,29,1,1,6300,0.81,1,0
29800,19800,31,1,1,7500,0.86,1,0
44900,28800,41,1,1,13400,0.94,3,0
31000,21500,32,1,1,8300,0.86,1,0
35200,23500,35,1,1,9700,0.89,2,0
38700,25000,37,1,1,10700,0.91,3,0
20500,14500,25,1,1,4300,0.72,2,1
33000,22000,33,1,1,8950,0.87,2,0
28500,19000,29,1,1,7000,0.83,1,0
41800,26600,39,1,1,12100,0.93,3,0
26000,17600,28,1,1,6150,0.79,1,0
31200,21000,31,1,1,8000,0.85,1,0
45800,29400,42,1,1,13750,0.94,3,0
27500,18400,29,1,1,6600,0.82,1,0
33500,22300,34,1,1,9300,0.88,2,0
21000,14700,26,1,1,4600,0.73,2,1
39800,25800,38,1,1,11700,0.92,3,0
29000,19300,30,1,1,7200,0.84,1,0
32600,21900,33,1,1,8700,0.87,2,0
35500,23600,35,1,1,9600,0.89,2,0
21200,14900,27,1,1,4750,0.74,2,1
47200,29900,41,1,1,13800,0.94,3,0
25410,13290,29,1,1,7400,0.84,2,0
32250,18540,41,1,1,5200,0.88,3,0
18340,9100,48,1,1,3100,0.79,2,0
27890,15400,36,1,1,8450,0.92,1,0
35540,21180,44,1,1,2600,0.86,4,0
19890,11400,27,1,1,4300,0.81,3,0
41320,23900,39,1,1,11200,0.93,1,0
15640,7200,49,1,1,2800,0.76,2,0
36510,22500,42,1,1,3400,0.85,4,0
24200,13080,33,1,1,6500,0.87,2,0
30980,17240,38,1,1,9900,0.91,1,0
22590,11820,29,1,1,5800,0.83,2,0
18740,9020,51,1,1,3000,0.78,3,0
47800,26040,45,1,1,1900,0.84,4,0
29300,15070,35,1,1,7100,0.88,2,0
16540,8200,47,1,1,2400,0.77,3,0
36200,20450,41,1,1,8700,0.9,1,0
28310,13540,30,1,1,7600,0.82,2,0
43150,25400,44,1,1,1400,0.86,4,0
19480,9100,50,1,1,3500,0.79,3,0
24600,12640,28,1,1,6900,0.84,2,0
37400,22000,43,1,1,3200,0.87,4,0
20810,11480,31,1,1,5100,0.82,2,0
29740,16020,37,1,1,8200,0.89,1,0
41500,24550,40,1,1,9600,0.92,1,0
17900,8400,49,1,1,3100,0.76,3,0
32800,18940,34,1,1,7700,0.88,2,0
23850,13200,29,1,1,6400,0.83,2,0
39900,23000,42,1,1,1500,0.85,4,0
18690,9550,50,1,1,3300,0.78,3,0
27000,14830,32,1,1,7000,0.84,2,0
35200,20540,46,1,1,2400,0.87,4,0
21140,12000,27,1,1,5900,0.81,3,0
28450,15990,35,1,1,7500,0.88,1,0
46700,25700,44,1,1,1800,0.86,4,0
17540,8600,50,1,1,2900,0.77,3,0
32400,18200,39,1,1,9000,0.9,1,0
25310,14010,30,1,1,6700,0.83,2,0
38100,22040,43,1,1,3500,0.87,4,0
19650,9700,48,1,1,3100,0.79,3,0
22400,19600,29,1,1,1200,0.54,4,1
31800,28400,42,1,1,1800,0.49,5,1
18700,15900,33,1,1,750,0.46,4,1
26500,23000,28,1,1,1400,0.52,3,1
34100,30700,44,1,1,1600,0.48,6,1
19800,17200,31,1,1,600,0.45,3,1
28900,25200,39,1,1,1700,0.53,4,1
17500,15200,36,1,1,400,0.41,5,1
31000,27800,45,1,1,1900,0.57,3,1
22200,19200,32,1,1,1100,0.5,4,1
29400,25700,38,1,1,1500,0.46,5,1
18500,16000,34,1,1,480,0.42,3,1
26500,23500,29,1,1,1350,0.55,4,1
33200,30000,41,1,1,1750,0.52,6,1
21000,18500,28,1,1,620,0.49,3,1
28900,26100,37,1,1,1600,0.47,5,1
17800,15000,35,1,1,320,0.39,4,1
30500,27600,43,1,1,1850,0.56,3,1
24000,20700,30,1,1,980,0.51,4,1
32600,29300,46,1,1,1400,0.44,6,1
19800,17000,27,1,1,660,0.48,3,1
35500,32200,48,1,1,1600,0.53,5,1
22400,19600,33,1,1,1200,0.41,4,1
31800,28900,40,1,1,1800,0.52,4,1
20700,17800,26,1,1,700,0.45,3,1
36800,33100,49,1,1,1700,0.55,5,1
23600,20000,35,1,1,900,0.48,4,1
29500,26200,37,1,1,1300,0.43,3,1
18200,15600,28,1,1,350,0.39,4,1
34000,30800,46,1,1,1600,0.5,6,1
27300,23800,30,1,1,1250,0.44,4,1
19200,16700,32,1,1,500,0.4,3,1
36000,32300,45,1,1,1800,0.57,5,1
21000,18300,34,1,1,620,0.48,4,1
28900,25500,39,1,1,1500,0.52,5,1
16800,14400,26,1,1,250,0.37,4,1
33100,29500,43,1,1,1600,0.49,6,1
24300,21000,38,1,1,1050,0.46,4,1
17600,15000,27,1,1,300,0.38,3,1
31500,27900,47,1,1,1800,0.54,5,1
25800,22800,28,1,1,900,0.48,4,1
35000,31800,44,1,1,1500,0.52,5,1
21900,19000,33,1,1,700,0.45,3,1
30500,27000,40,1,1,1700,0.5,4,1
18000,15500,29,1,1,450,0.39,4,1
33200,29800,46,1,1,1650,0.55,6,1
20700,17500,31,1,1,630,0.48,3,1
29400,26000,37,1,1,1350,0.44,4,1
17300,14900,28,1,1,280,0.37,5,1
34700,31500,48,1,1,1550,0.51,6,1
25000,21800,35,1,1,1000,0.46,4,1
19200,16700,26,1,1,500,0.41,3,1
36600,33300,49,1,1,1650,0.59,5,1
23800,20800,32,1,1,880,0.47,4,1
31200,28000,41,1,1,1400,0.52,3,1
17000,14500,27,1,1,260,0.38,4,1
35300,31900,45,1,1,1500,0.54,6,1
22200,19000,30,1,1,720,0.43,3,1
29800,26600,38,1,1,1250,0.49,4,1
18000,15400,29,1,1,460,0.39,4,1
24800,22000,34,1,1,980,0.47,4,1
18900,16400,27,1,1,520,0.42,3,1
35200,31800,47,1,1,1600,0.55,5,1
22600,19800,32,1,1,760,0.46,4,1
30500,27000,41,1,1,1350,0.5,3,1
17800,15200,29,1,1,400,0.38,4,1
33000,29700,45,1,1,1550,0.54,6,1
21000,18200,31,1,1,680,0.43,3,1
29700,26400,38,1,1,1280,0.49,4,1
17400,14800,26,1,1,310,0.37,4,1
26500,23500,35,1,1,1400,0.52,4,1
19200,16800,30,1,1,560,0.41,3,1
37000,33500,48,1,1,1700,0.56,5,1
24200,20800,33,1,1,890,0.47,4,1
31000,27800,40,1,1,1500,0.51,3,1
18200,15600,28,1,1,360,0.39,4,1
33800,30500,46,1,1,1600,0.53,6,1
20700,17600,31,1,1,620,0.42,3,1
29300,25800,37,1,1,1300,0.48,4,1
16900,14400,27,1,1,270,0.36,4,1
32400,29000,43,1,1,1650,0.52,6,1
24000,20500,38,1,1,1000,0.46,4,1
17800,15000,26,1,1,300,0.38,3,1
31500,28200,47,1,1,1800,0.54,5,1
25800,22800,35,1,1,920,0.47,4,1
19200,16600,29,1,1,540,0.4,3,1
36500,33100,50,1,1,1750,0.59,5,1
23500,20300,33,1,1,880,0.46,4,1
30800,27600,41,1,1,1420,0.51,3,1
17500,15000,27,1,1,290,0.37,4,1
34500,31000,46,1,1,1580,0.54,6,1
22200,18800,31,1,1,690,0.42,3,1
29800,26600,38,1,1,1290,0.49,4,1
18200,15500,28,1,1,350,0.39,4,1
33600,30200,45,1,1,1620,0.52,6,1
20500,17600,31,1,1,640,0.43,3,1
28900,25500,37,1,1,1220,0.48,4,1
17100,14600,26,1,1,260,0.36,4,1
31800,28700,44,1,1,1580,0.53,6,1
23800,20200,33,1,1,850,0.45,4,1
27600,24400,39,1,1,1100,0.5,3,1
19700,17000,30,1,1,520,0.41,3,1
35000,31600,47,1,1,1650,0.55,5,1
21000,18200,27,1,1,600,0.41,4,1
29200,26000,36,1,1,1280,0.49,4,1
18000,15300,28,1,1,380,0.38,3,1
33000,29800,44,1,1,1550,0.53,6,1
24900,21600,35,1,1,910,0.47,4,1
19400,16800,29,1,1,550,0.4,3,1
36800,33400,49,1,1,1750,0.57,5,1
23300,20000,32,1,1,820,0.45,4,1
30500,27200,40,1,1,1420,0.51,3,1
17800,15000,27,1,1,300,0.37,4,1
34300,30900,46,1,1,1580,0.54,6,1
22100,18900,30,1,1,670,0.42,3,1
29700,26200,38,1,1,1300,0.49,4,1
17700,15200,26,1,1,320,0.38,3,1
33200,29900,45,1,1,1600,0.53,6,1
24200,20900,34,1,1,900,0.47,4,1
19600,16900,29,1,1,540,0.4,3,1
36500,33100,48,1,1,1700,0.56,5,1
23900,20500,33,1,1,880,0.45,4,1
31000,27800,40,1,1,1400,0.51,3,1
18100,15500,28,1,1,360,0.38,4,1
34600,31200,46,1,1,1600,0.54,6,1
22400,19200,31,1,1,680,0.42,3,1
29000,25800,37,1,1,1260,0.48,4,1
17000,14400,26,1,1,240,0.36,4,1
31700,28600,44,1,1,1570,0.53,6,1
24100,20600,34,1,1,900,0.46,4,1
19300,16700,29,1,1,530,0.4,3,1
36400,33000,49,1,1,1700,0.56,5,1
23200,20000,32,1,1,820,0.45,4,1
30300,27000,39,1,1,1390,0.51,3,1
17900,15200,27,1,1,300,0.37,4,1
34000,30500,45,1,1,1600,0.53,6,1
25600,22500,34,1,1,940,0.47,4,1
18800,16200,27,1,1,520,0.41,3,1
36200,32600,48,1,1,1700,0.55,5,1
23000,19800,31,1,1,800,0.46,4,1
30900,27600,39,1,1,1400,0.5,3,1
17700,15000,28,1,1,360,0.38,4,1
21800,18600,30,1,1,710,0.43,3,1
29600,26300,37,1,1,1280,0.48,4,1
17400,14900,26,1,1,300,0.37,4,1
32500,29200,43,1,1,1550,0.52,6,1
24500,21200,35,1,1,930,0.47,4,1
19500,16800,29,1,1,540,0.41,3,1
23400,20100,32,1,1,830,0.46,4,1
30500,27400,40,1,1,1420,0.51,3,1
18000,15300,27,1,1,360,0.38,4,1
34000,30800,46,1,1,1600,0.53,6,1
22100,18900,31,1,1,690,0.42,3,1
29800,26600,38,1,1,1300,0.49,4,1
16700,14300,26,1,1,240,0.36,4,1
32000,28700,44,1,1,1570,0.53,6,1
24300,20900,34,1,1,900,0.46,4,1
19400,16700,29,1,1,530,0.4,3,1
36000,32600,48,1,1,1700,0.56,5,1
23600,20400,33,1,1,850,0.46,4,1
30100,27000,39,1,1,1390,0.51,3,1
17800,15100,27,1,1,350,0.38,4,1
34200,30900,45,1,1,1600,0.54,6,1
22900,19700,32,1,1,780,0.44,4,1
28900,25600,37,1,1,1250,0.47,4,1
17100,14600,26,1,1,270,0.36,4,1
33300,30000,44,1,1,1600,0.53,6,1
24000,20600,34,1,1,890,0.46,4,1
19800,17000,29,1,1,550,0.41,3,1
23300,19900,32,1,1,820,0.45,4,1
30300,27100,39,1,1,1380,0.5,3,1
34500,31200,46,1,1,1600,0.54,6,1
22200,18800,31,1,1,670,0.42,3,1
29700,26300,38,1,1,1300,0.49,4,1
17200,14700,26,1,1,280,0.36,4,1
32800,29500,44,1,1,1580,0.53,6,1
24100,20700,34,1,1,890,0.46,4,1
36100,32700,47,1,1,1680,0.55,5,1
23700,20200,32,1,1,840,0.46,4,1
30700,27600,40,1,1,1410,0.51,3,1
18100,15400,27,1,1,360,0.38,4,1
34300,31000,46,1,1,1600,0.54,6,1
22600,19300,31,1,1,700,0.43,3,1
29900,26500,38,1,1,1290,0.49,4,1
16800,14300,26,1,1,260,0.36,4,1
31900,28600,44,1,1,1570,0.53,6,1
24400,21000,35,1,1,910,0.47,4,1
19200,16600,29,1,1,540,0.41,3,1
36300,32900,48,1,1,1720,0.56,5,1
23200,19900,32,1,1,830,0.46,4,1
30200,27000,39,1,1,1380,0.5,3,1
17600,15000,27,1,1,300,0.37,4,1
33800,30400,45,1,1,1580,0.53,6,1
23900,20400,33,1,1,880,0.46,4,1
36700,33300,49,1,1,1760,0.57,5,1
23000,19700,31,1,1,800,0.46,4,1
30800,27500,40,1,1,1420,0.51,3,1
17800,15200,27,1,1,360,0.38,4,1
33900,30500,45,1,1,1580,0.54,6,1
22300,19000,31,1,1,690,0.42,3,1
29600,26200,38,1,1,1280,0.48,4,1
17500,15000,27,1,1,320,0.38,4,1
33200,29900,44,1,1,1600,0.53,6,1
24100,20700,35,1,1,890,0.46,4,1
23600,20300,33,1,1,830,0.46,4,1
30400,27300,39,1,1,1400,0.51,3,1
17900,15200,27,1,1,360,0.38,4,1
25500,22400,34,1,1,900,0.47,4,1
19000,16400,27,1,1,540,0.41,3,1
35800,32200,47,1,1,1700,0.55,5,1
23400,20000,31,1,1,820,0.46,4,1
17800,15200,28,1,1,380,0.39,4,1
33700,30400,45,1,1,1600,0.53,6,1
22000,18800,30,1,1,700,0.42,3,1
30000,26700,38,1,1,1290,0.48,4,1
17600,15000,26,1,1,320,0.37,4,1
32600,29300,43,1,1,1550,0.52,6,1
24500,21200,35,1,1,910,0.47,4,1
19400,16700,29,1,1,540,0.41,3,1
36600,33100,49,1,1,1750,0.57,5,1
23300,20000,32,1,1,830,0.46,4,1
30300,27000,39,1,1,1380,0.51,3,1
17700,15100,27,1,1,340,0.38,4,1
34100,30700,46,1,1,1620,0.54,6,1
22600,19300,31,1,1,710,0.43,3,1
29700,26400,38,1,1,1310,0.49,4,1
17000,14400,26,1,1,260,0.36,4,1
32900,29600,44,1,1,1580,0.53,6,1
19700,16900,29,1,1,550,0.41,3,1
36200,32700,48,1,1,1680,0.55,5,1
23800,20200,33,1,1,880,0.45,4,1
30600,27400,40,1,1,1410,0.51,3,1
33500,30200,45,1,1,1580,0.54,6,1
24100,20700,35,1,1,900,0.46,4,1
22400,19000,31,1,1,690,0.42,3,1
17100,14700,26,1,1,280,0.36,4,1
33000,29700,44,1,1,1580,0.53,6,1
24200,20900,35,1,1,900,0.46,4,1
36300,32900,49,1,1,1730,0.56,5,1
23100,19800,32,1,1,810,0.45,4,1
30100,26900,39,1,1,1380,0.51,3,1
34400,31100,46,1,1,1600,0.54,6,1
22300,18900,31,1,1,690,0.42,3,1
33100,29800,44,1,1,1580,0.53,6,1
36400,32900,48,1,1,1730,0.56,5,1
23400,20100,32,1,1,820,0.45,4,1
33700,30400,45,1,1,1580,0.53,6,1
29900,26600,38,1,1,1300,0.49,4,1
19600,16800,29,1,1,540,0.41,3,1
36500,33000,48,1,1,1720,0.56,5,1
23500,20200,33,1,1,840,0.46,4,1
30200,27000,39,1,1,1390,0.51,3,1
33900,30500,45,1,1,1580,0.53,6,1
25600,22500,34,1,1,920,0.47,4,1
18900,16300,27,1,1,510,0.41,3,1
36100,32700,48,1,1,1680,0.55,5,1
23300,19900,31,1,1,820,0.46,4,1
30900,27600,40,1,1,1400,0.51,3,1
33800,30600,46,1,1,1600,0.53,6,1
22100,18800,30,1,1,700,0.42,3,1
29900,26600,38,1,1,1290,0.49,4,1
17500,15000,26,1,1,320,0.37,4,1
32700,29400,44,1,1,1580,0.53,6,1
24700,21300,35,1,1,910,0.47,4,1
36600,33200,49,1,1,1750,0.56,5,1
23200,19900,32,1,1,820,0.46,4,1
30400,27300,40,1,1,1410,0.51,3,1
34000,30700,46,1,1,1600,0.54,6,1
29500,26300,38,1,1,1280,0.48,4,1
32800,29600,44,1,1,1580,0.53,6,1
24300,20900,35,1,1,900,0.46,4,1
36300,33000,49,1,1,1720,0.56,5,1
34100,30800,46,1,1,1600,0.54,6,1
22400,18900,31,1,1,690,0.42,3,1
29700,26300,38,1,1,1290,0.49,4,1
17100,14600,26,1,1,280,0.36,4,1
24000,20600,35,1,1,900,0.46,4,1
36400,33000,48,1,1,1700,0.56,5,1
17800,15100,27,1,1,340,0.38,4,1
17600,15000,27,1,1,320,0.38,4,1
30200,27000,39,1,1,1390,0.5,3,1
22000,18800,31,1,1,690,0.42,3,1
29500,16500,30,1,1,7200,0.94,1,0
36000,21000,35,1,1,9000,0.96,0,0
42000,25000,40,1,1,11200,0.97,1,0
28500,16000,28,1,1,6800,0.93,0,0
51000,31000,45,1,1,14000,0.98,1,0
33000,19500,32,1,1,8200,0.95,0,0
38000,22500,38,1,1,9500,0.96,1,0
26000,15000,29,1,1,6000,0.92,0,0
47000,29500,43,1,1,12800,0.97,1,0
32000,18500,31,1,1,7600,0.94,0,0
36500,21000,36,1,1,8800,0.96,1,0
54000,33500,48,1,1,15000,0.99,1,0
30500,17500,28,1,1,6900,0.93,0,0
45500,27000,42,1,1,12100,0.97,2,0
34000,20500,34,1,1,8200,0.95,0,0
41000,24000,39,1,1,11000,0.96,1,0
28000,15800,27,1,1,6300,0.92,0,0
49500,30500,44,1,1,13500,0.98,1,0
36000,21500,35,1,1,9000,0.97,0,0
31000,18200,30,1,1,7200,0.94,1,0
42500,25000,37,1,1,11800,0.97,1,0
27500,15500,28,1,1,6000,0.92,0,0
52000,32000,46,1,1,14800,0.99,1,0
33500,20000,34,1,1,8400,0.94,0,0
39000,23000,40,1,1,10200,0.96,1,0
26500,14900,27,1,1,5800,0.92,0,0
48000,30000,45,1,1,13000,0.97,1,0
35000,20500,33,1,1,8700,0.95,0,0
40500,24000,38,1,1,10800,0.96,1,0
29500,16500,28,1,1,6700,0.93,0,0
53500,33000,47,1,1,15000,0.98,1,0
31500,18500,31,1,1,7600,0.94,0,0
36500,21000,36,1,1,8800,0.97,1,0
45500,27500,43,1,1,12200,0.97,0,0
30000,17500,29,1,1,7000,0.93,0,0
52000,32000,48,1,1,14800,0.98,2,0
33500,20000,34,1,1,8500,0.95,0,0
39000,23200,39,1,1,10000,0.97,1,0
27000,15000,26,1,1,6200,0.92,0,0
46500,29000,44,1,1,12500,0.98,1,0
32500,19500,32,1,1,8100,0.94,0,0
38000,22000,36,1,1,9300,0.96,1,0
55000,34500,49,1,1,15500,0.99,1,0
28500,16500,28,1,1,6900,0.94,0,0
43000,26000,40,1,1,12000,0.97,1,0
30500,17800,27,1,1,7100,0.93,0,0
49000,30000,47,1,1,13800,0.98,1,0
34000,20000,33,1,1,8500,0.95,0,0
40000,23500,38,1,1,10500,0.97,1,0
26500,15000,29,1,1,6200,0.92,0,0
53000,33500,48,1,1,15000,0.99,1,0
31500,18500,31,1,1,7500,0.94,1,0
37500,21800,35,1,1,8900,0.96,0,0
44500,27000,42,1,1,11800,0.97,1,0
30000,17500,28,1,1,6900,0.92,0,0
51500,32500,46,1,1,14700,0.98,1,0
33000,19500,31,1,1,8200,0.94,0,0
38500,22500,37,1,1,9600,0.96,1,0
27500,16000,27,1,1,6400,0.92,0,0
47000,29000,44,1,1,13000,0.97,0,0
33500,19800,33,1,1,8200,0.94,1,0
39500,23000,39,1,1,10600,0.97,1,0
28000,16000,26,1,1,6500,0.92,0,0
50500,32000,48,1,1,14500,0.98,1,0
31000,18500,30,1,1,7500,0.94,0,0
36000,21000,35,1,1,8800,0.96,1,0
43000,26000,43,1,1,11800,0.97,0,0
29500,16800,28,1,1,7000,0.92,0,0
54000,34000,50,1,1,15500,0.99,1,0
32500,19500,31,1,1,8200,0.94,0,0
39000,23000,37,1,1,10000,0.97,1,0
27000,15000,26,1,1,6000,0.92,0,0
46500,29000,43,1,1,12500,0.98,1,0
33000,20000,32,1,1,8400,0.94,0,0
39800,23200,38,1,1,10600,0.97,1,0
27800,15800,27,1,1,6400,0.92,0,0
52000,33000,47,1,1,15000,0.99,1,0
31200,18500,29,1,1,7600,0.94,1,0
37500,22000,36,1,1,9000,0.96,0,0
45000,27500,43,1,1,12000,0.97,1,0
29800,17000,28,1,1,6900,0.92,0,0
50000,31800,48,1,1,14500,0.98,1,0
34000,20500,32,1,1,8300,0.94,1,0
40500,24000,39,1,1,10900,0.97,0,0
28500,16500,26,1,1,6300,0.92,0,0
28500,16000,29,1,1,6800,0.94,1,0
32000,18500,33,1,1,7600,0.95,0,0
41000,24000,41,1,1,11500,0.97,1,0
26500,15000,28,1,1,6200,0.92,0,0
38000,22000,36,1,1,9800,0.96,1,0
29500,17000,31,1,1,7100,0.93,0,0
45000,28000,44,1,1,12500,0.98,1,0
33500,20000,34,1,1,8200,0.94,0,0
52000,32000,48,1,1,14800,0.99,1,0
30500,17500,30,1,1,6900,0.94,0,0
36500,21000,35,1,1,8800,0.96,1,0
43000,25500,42,1,1,11800,0.97,1,0
27000,15500,27,1,1,6300,0.92,0,0
49000,30000,46,1,1,13500,0.98,1,0
31000,18000,32,1,1,7400,0.94,0,0
36000,21500,37,1,1,9000,0.96,1,0
29000,16500,29,1,1,6700,0.93,0,0
40500,24000,39,1,1,10800,0.96,1,0
33000,19500,33,1,1,8000,0.94,0,0
37000,21500,38,1,1,9100,0.97,1,0
28500,16000,28,1,1,6500,0.93,0,0
46000,28500,45,1,1,12800,0.98,1,0
31500,18500,31,1,1,7500,0.94,0,0
35000,20500,34,1,1,8600,0.95,1,0
40000,23500,40,1,1,10200,0.96,0,0
27500,15500,27,1,1,6400,0.92,0,0
50500,31500,47,1,1,14500,0.98,1,0
32500,19000,32,1,1,7800,0.94,0,0
38500,22500,36,1,1,9600,0.96,1,0
27000,15000,26,1,1,6000,0.91,0,0
47000,29000,44,1,1,13000,0.97,1,0
33500,19800,33,1,1,8200,0.94,0,0
39500,23000,38,1,1,10500,0.97,1,0
28000,16000,27,1,1,6500,0.92,0,0
52000,33000,48,1,1,15000,0.99,1,0
31200,18500,29,1,1,7600,0.94,0,0
37500,22000,36,1,1,9000,0.96,1,0
44500,27000,43,1,1,12000,0.97,1,0
34000,20500,32,1,1,8300,0.94,0,0
33000,20000,31,1,1,8000,0.94,0,0
27500,15500,27,1,1,6200,0.92,0,0
25000,16500,30,1,1,3200,0.78,2,0
28500,19000,34,1,1,2800,0.72,2,1
32000,22000,37,1,1,4100,0.81,2,0
21000,15500,28,1,1,2200,0.69,3,1
36000,25000,40,1,1,5200,0.83,1,0
29500,21000,33,1,1,3000,0.75,2,1
27000,18000,31,1,1,3500,0.79,2,0
33000,24000,38,1,1,4200,0.82,2,0
22500,16500,29,1,1,2000,0.68,3,1
38000,26000,42,1,1,5600,0.84,1,0
26000,17500,30,1,1,3300,0.77,2,0
31000,22000,35,1,1,4000,0.8,2,0
24000,18000,32,1,1,2500,0.7,3,1
35000,24500,39,1,1,4800,0.83,2,0
29000,20500,34,1,1,3100,0.76,2,1
26500,18500,31,1,1,3600,0.78,2,0
32500,23000,37,1,1,4300,0.81,2,0
21500,16000,28,1,1,2100,0.69,3,1
37000,26000,41,1,1,5500,0.84,1,0
25500,18000,30,1,1,3400,0.77,2,0
30000,21500,35,1,1,3900,0.8,2,0
23500,17000,29,1,1,2300,0.7,3,1
28000,20000,33,1,1,3000,0.75,2,1
27000,18500,31,1,1,3500,0.78,2,0
34000,24000,38,1,1,4500,0.82,2,0
22000,16500,28,1,1,2100,0.68,3,1
38000,26500,42,1,1,5700,0.85,1,0
26000,18000,30,1,1,3300,0.77,2,0
30500,22000,35,1,1,4000,0.8,2,0
24500,17500,32,1,1,2500,0.71,3,1
35500,24800,39,1,1,4900,0.83,2,0
29500,21000,34,1,1,3200,0.76,2,1
27000,19000,31,1,1,3600,0.78,2,0
33000,23500,37,1,1,4400,0.82,2,0
22500,16800,29,1,1,2200,0.69,3,1
37500,26000,41,1,1,5500,0.84,1,0
24000,17500,32,1,1,2500,0.7,3,1
28500,20000,33,1,1,3000,0.75,2,1
22000,19500,30,1,1,900,0.52,4,1
28500,25500,36,1,1,1200,0.48,5,1
18000,15500,27,1,1,400,0.39,4,1
34000,30500,44,1,1,1500,0.54,6,1
26000,23000,33,1,1,950,0.47,4,1
19500,17000,29,1,1,500,0.41,3,1
31000,28000,41,1,1,1400,0.51,3,1
17000,15000,26,1,1,260,0.37,4,1
36500,33000,48,1,1,1700,0.56,5,1
23500,20500,32,1,1,800,0.45,4,1
29500,26500,37,1,1,1300,0.49,4,1
18500,16000,28,1,1,450,0.39,3,1
33000,29800,45,1,1,1600,0.53,6,1
24500,21500,35,1,1,900,0.46,4,1
21000,18500,31,1,1,600,0.42,3,1
36000,32500,49,1,1,1750,0.57,5,1
22500,19800,30,1,1,720,0.44,4,1
30500,27500,40,1,1,1400,0.51,3,1
17500,15000,27,1,1,300,0.38,4,1
34000,30500,46,1,1,1600,0.54,6,1
23000,20000,32,1,1,780,0.45,4,1
29000,26000,38,1,1,1250,0.48,4,1
16800,14400,26,1,1,240,0.36,4,1
